#group,true,true,true
#datatype,dateTime:RFC3339,double,double
#default,_Time,,
,Time,Temperature,Humidity
,2021-12-29T20:54:02,19.4,35.4
,2021-12-29T20:55:07,19.4,35.4
,2021-12-29T20:56:02,19.4,35.4
,2021-12-29T20:57:02,19.4,35.4
,2021-12-29T20:58:01,19.4,35.4
,2021-12-29T20:59:02,19.4,35.4
,2021-12-29T21:00:17,19.4,35.4
,2021-12-29T21:01:05,19.4,35.4
,2021-12-29T21:02:02,19.4,35.4
,2021-12-29T21:03:02,19.4,35.4
,2021-12-29T21:04:02,19.4,35.4
,2021-12-29T21:05:07,19.4,35.4
,2021-12-29T21:06:01,19.4,35.4
,2021-12-29T21:07:01,19.4,35.4
,2021-12-29T21:08:02,19.4,35.4
,2021-12-29T21:09:10,19.4,
,2021-12-29T21:10:22,19.4,35.4
,2021-12-29T21:11:02,19.4,35.4
,2021-12-29T21:12:02,19.4,35.4
,2021-12-29T21:13:02,19.4,35.4
,2021-12-29T21:14:02,19.4,35.4
,2021-12-29T21:15:04,19.4,35.4
,2021-12-29T21:16:02,19.4,35.4
,2021-12-29T21:17:02,19.4,35.4
,2021-12-29T21:18:02,19.4,35.4
,2021-12-29T21:19:02,19.4,35.4
,2021-12-29T21:20:07,19.4,35.5
,2021-12-29T21:21:01,19.3,35.4
,2021-12-29T21:22:05,19.4,35.5
,2021-12-29T21:23:02,19.4,35.5
,2021-12-29T21:24:01,19.4,35.5
,2021-12-29T21:25:05,19.4,35.5
,2021-12-29T21:26:02,19.4,35.5
,2021-12-29T21:27:01,19.4,35.4
,2021-12-29T21:28:02,19.4,35.5
,2021-12-29T21:29:02,19.4,35.5
,2021-12-29T21:30:12,19.4,35.5
,2021-12-29T21:31:02,19.4,35.5
,2021-12-29T21:32:01,19.4,35.5
,2021-12-29T21:33:02,19.3,35.4
,2021-12-29T21:34:05,19.4,35.5
,2021-12-29T21:35:17,19.4,35.4
,2021-12-29T21:36:02,19.4,35.4
,2021-12-29T21:37:10,19.4,35.4
,2021-12-29T21:38:04,19.4,35.4
,2021-12-29T21:39:02,19.4,35.4
,2021-12-29T21:40:25,19.4,35.4
,2021-12-29T21:41:01,19.4,35.4
,2021-12-29T21:42:02,19.4,35.4
,2021-12-29T21:43:01,19.4,35.4
,2021-12-29T21:44:02,19.4,35.4
,2021-12-29T21:45:07,19.4,35.4
,2021-12-29T21:46:02,19.4,35.4
,2021-12-29T21:47:02,19.4,35.4
,2021-12-29T21:48:02,19.4,35.4
,2021-12-29T21:49:02,19.4,35.4
,2021-12-29T21:50:19,19.4,35.4
,2021-12-29T21:51:01,19.4,35.4
,2021-12-29T21:52:02,19.4,35.4
,2021-12-29T21:53:02,19.4,35.4
,2021-12-29T21:54:02,19.4,35.4
,2021-12-29T21:55:04,19.4,35.4
,2021-12-29T21:56:02,19.4,35.4
,2021-12-29T21:57:02,19.4,35.4
,2021-12-29T21:58:02,19.4,35.4
,2021-12-29T21:59:02,19.4,35.4
,2021-12-29T22:00:04,19.4,35.3
,2021-12-29T22:01:02,19.4,35.3
,2021-12-29T22:02:02,19.4,35.3
,2021-12-29T22:03:02,19.4,35.4
,2021-12-29T22:04:01,19.4,35.3
,2021-12-29T22:05:10,19.4,35.3
,2021-12-29T22:06:04,19.4,35.3
,2021-12-29T22:07:02,19.4,35.3
,2021-12-29T22:08:02,19.5,35.4
,2021-12-29T22:09:07,19.4,35.4
,2021-12-29T22:10:09,19.4,35.4
,2021-12-29T22:11:07,19.4,35.4
,2021-12-29T22:12:02,19.4,35.4
,2021-12-29T22:13:02,19.4,35.4
,2021-12-29T22:14:02,19.4,35.4
,2021-12-29T22:15:14,19.4,35.4
,2021-12-29T22:16:02,19.4,35.4
,2021-12-29T22:17:02,19.4,35.4
,2021-12-29T22:18:01,19.4,35.4
,2021-12-29T22:19:01,19.4,35.4
,2021-12-29T22:20:05,19.4,35.4
,2021-12-29T22:21:01,19.5,35.4
,2021-12-29T22:22:02,19.4,35.4
,2021-12-29T22:23:02,19.5,35.4
,2021-12-29T22:24:02,19.4,35.4
,2021-12-29T22:25:04,19.4,35.4
,2021-12-29T22:26:02,19.4,35.8
,2021-12-29T22:27:01,19.4,35.4
,2021-12-29T22:28:05,19.4,35.4
,2021-12-29T22:29:02,19.4,35.4
,2021-12-29T22:30:04,19.4,35.4
,2021-12-29T22:31:07,19.4,35.4
,2021-12-29T22:32:02,19.4,35.4
,2021-12-29T22:33:02,19.5,35.4
,2021-12-29T22:34:02,19.5,35.4
,2021-12-29T22:35:04,19.4,35.4
,2021-12-29T22:36:02,19.4,35.4
,2021-12-29T22:37:02,19.4,35.4
,2021-12-29T22:38:02,19.4,35.4
,2021-12-29T22:39:02,19.4,35.4
,2021-12-29T22:40:14,19.5,35.4
,2021-12-29T22:41:02,19.5,35.4
,2021-12-29T22:42:07,19.5,35.4
,2021-12-29T22:43:02,19.5,35.4
,2021-12-29T22:44:04,19.4,35.4
,2021-12-29T22:45:07,19.4,35.4
,2021-12-29T22:46:02,19.4,35.4
,2021-12-29T22:47:07,19.4,35.4
,2021-12-29T22:48:01,19.4,35.4
,2021-12-29T22:49:01,19.4,35.4
,2021-12-29T22:50:02,19.4,35.4
,2021-12-29T22:51:01,19.4,35.4
,2021-12-29T22:52:02,19.4,35.4
,2021-12-29T22:53:01,19.4,35.5
,2021-12-29T22:54:02,19.4,35.5
,2021-12-29T22:55:02,19.4,35.5
,2021-12-29T22:56:02,19.4,35.5
,2021-12-29T22:57:02,19.4,35.4
,2021-12-29T22:58:01,19.4,35.4
,2021-12-29T22:59:02,19.4,35.4
,2021-12-29T23:00:05,19.4,35.5
,2021-12-29T23:01:02,19.4,35.5
,2021-12-29T23:02:01,19.4,35.5
,2021-12-29T23:03:01,19.4,35.5
,2021-12-29T23:04:02,19.4,35.5
,2021-12-29T23:05:20,19.4,35.5
,2021-12-29T23:06:02,19.4,35.5
,2021-12-29T23:07:04,19.5,35.5
,2021-12-29T23:08:02,19.4,35.5
,2021-12-29T23:09:02,19.4,35.5
,2021-12-29T23:10:04,19.4,35.5
,2021-12-29T23:11:01,19.4,35.5
,2021-12-29T23:12:02,19.4,35.6
,2021-12-29T23:13:02,19.4,35.6
,2021-12-29T23:14:02,19.4,35.6
,2021-12-29T23:15:07,19.4,35.6
,2021-12-29T23:16:04,19.4,35.5
,2021-12-29T23:17:04,19.5,35.6
,2021-12-29T23:18:02,19.4,35.5
,2021-12-29T23:19:02,19.5,35.5
,2021-12-29T23:20:07,19.4,35.5
,2021-12-29T23:21:02,19.4,35.5
,2021-12-29T23:22:02,19.5,35.6
,2021-12-29T23:23:02,19.4,35.5
,2021-12-29T23:24:09,19.4,35.6
,2021-12-29T23:25:17,19.4,35.6
,2021-12-29T23:26:10,19.4,35.6
,2021-12-29T23:27:01,19.4,35.6
,2021-12-29T23:28:04,19.4,35.6
,2021-12-29T23:29:02,19.4,35.6
,2021-12-29T23:30:17,19.4,35.6
,2021-12-29T23:31:02,19.4,35.6
,2021-12-29T23:32:02,,35.6
,2021-12-29T23:33:07,,35.6
,2021-12-29T23:34:04,,35.6
,2021-12-29T23:35:02,,35.6
,2021-12-29T23:36:10,19.5,35.6
,2021-12-29T23:37:02,19.5,35.6
,2021-12-29T23:38:01,19.5,35.6
,2021-12-29T23:39:05,,35.6
,2021-12-29T23:40:02,,35.6
,2021-12-29T23:41:02,19.5,35.6
,2021-12-29T23:42:01,19.5,35.6
,2021-12-29T23:43:01,,35.6
,2021-12-29T23:44:02,,35.6
,2021-12-29T23:45:20,19.5,35.6
,2021-12-29T23:46:04,19.5,35.7
,2021-12-29T23:47:02,19.5,35.7
,2021-12-29T23:48:07,19.5,35.6
,2021-12-29T23:49:02,19.5,35.6
,2021-12-29T23:50:01,19.5,35.6
,2021-12-29T23:51:01,19.5,35.6
,2021-12-29T23:52:02,19.5,35.6
,2021-12-29T23:53:04,19.5,35.7
,2021-12-29T23:54:10,19.5,35.7
,2021-12-29T23:55:07,19.5,35.6
,2021-12-29T23:56:02,19.5,35.6
,2021-12-29T23:57:02,19.5,35.6
,2021-12-29T23:58:02,19.5,35.7
,2021-12-29T23:59:02,19.5,35.6
,2021-12-30T00:00:24,19.5,35.6
,2021-12-30T00:01:02,19.5,35.6
,2021-12-30T00:02:04,19.5,35.6
,2021-12-30T00:03:02,19.5,35.6
,2021-12-30T00:04:02,19.5,35.7
,2021-12-30T00:05:09,,35.6
,2021-12-30T00:06:05,19.5,35.7
,2021-12-30T00:07:01,19.5,35.7
,2021-12-30T00:08:04,19.5,35.7
,2021-12-30T00:09:02,19.5,35.7
,2021-12-30T00:10:24,19.5,35.7
,2021-12-30T00:11:02,19.5,35.7
,2021-12-30T00:12:01,19.5,35.7
,2021-12-30T00:13:02,19.5,35.7
,2021-12-30T00:14:02,19.5,35.7
,2021-12-30T00:15:22,19.5,35.7
,2021-12-30T00:16:02,19.5,35.7
,2021-12-30T00:17:02,19.5,35.7
,2021-12-30T00:18:02,19.5,35.7
,2021-12-30T00:19:04,19.5,35.7
,2021-12-30T00:20:10,19.5,35.7
,2021-12-30T00:21:04,19.5,35.7
,2021-12-30T00:22:04,19.5,35.7
,2021-12-30T00:23:02,19.5,35.7
,2021-12-30T00:24:02,19.5,35.7
,2021-12-30T00:25:22,19.5,35.7
,2021-12-30T00:26:02,19.5,35.7
,2021-12-30T00:27:02,19.5,35.7
,2021-12-30T00:28:02,19.5,35.7
,2021-12-30T00:29:04,19.5,35.7
,2021-12-30T00:30:02,19.5,35.7
,2021-12-30T00:31:02,19.5,35.7
,2021-12-30T00:32:02,19.5,35.7
,2021-12-30T00:33:07,19.5,35.7
,2021-12-30T00:34:01,19.5,35.7
,2021-12-30T00:35:14,19.5,35.7
,2021-12-30T00:36:02,19.5,35.7
,2021-12-30T00:37:04,19.5,35.7
,2021-12-30T00:38:01,19.5,35.7
,2021-12-30T00:39:02,19.5,35.7
,2021-12-30T00:40:07,19.5,35.8
,2021-12-30T00:41:02,19.5,35.8
,2021-12-30T00:42:02,19.5,35.7
,2021-12-30T00:43:02,19.5,35.8
,2021-12-30T00:44:01,19.5,35.7
,2021-12-30T00:45:05,19.5,35.8
,2021-12-30T00:46:01,19.5,35.8
,2021-12-30T00:47:02,19.5,35.8
,2021-12-30T00:48:04,19.5,35.8
,2021-12-30T00:49:05,19.5,35.8
,2021-12-30T00:50:22,19.5,
,2021-12-30T00:51:02,19.5,35.8
,2021-12-30T00:52:02,19.5,35.8
,2021-12-30T00:53:02,19.5,35.8
,2021-12-30T00:54:04,19.5,35.8
,2021-12-30T00:55:02,19.5,35.8
,2021-12-30T00:56:01,19.5,35.8
,2021-12-30T00:57:02,19.5,35.8
,2021-12-30T00:58:02,19.5,35.8
,2021-12-30T00:59:02,,35.8
,2021-12-30T01:00:17,19.5,35.9
,2021-12-30T01:01:01,19.5,35.9
,2021-12-30T01:02:02,19.5,35.8
,2021-12-30T01:03:02,19.5,35.9
,2021-12-30T01:04:02,19.5,35.9
,2021-12-30T01:05:17,19.5,35.9
,2021-12-30T01:06:02,19.4,35.8
,2021-12-30T01:07:01,19.4,35.8
,2021-12-30T01:08:02,19.4,35.9
,2021-12-30T01:09:02,19.5,35.9
,2021-12-30T01:10:10,19.5,36.0
,2021-12-30T01:11:01,19.5,36.0
,2021-12-30T01:12:02,19.5,36.0
,2021-12-30T01:13:01,19.5,35.9
,2021-12-30T01:14:01,19.5,35.9
,2021-12-30T01:15:07,19.5,35.9
,2021-12-30T01:16:05,19.5,35.9
,2021-12-30T01:17:07,19.5,35.9
,2021-12-30T01:18:10,19.5,35.9
,2021-12-30T01:19:02,19.5,35.9
,2021-12-30T01:20:04,19.4,35.9
,2021-12-30T01:21:02,19.5,35.9
,2021-12-30T01:22:01,19.5,35.9
,2021-12-30T01:23:02,19.5,35.9
,2021-12-30T01:24:02,19.5,35.9
,2021-12-30T01:25:02,19.5,35.9
,2021-12-30T01:26:01,19.5,36.0
,2021-12-30T01:27:02,19.5,36.0
,2021-12-30T01:28:02,19.5,36.0
,2021-12-30T01:29:02,19.5,36.0
,2021-12-30T01:30:09,19.5,36.0
,2021-12-30T01:31:02,19.5,36.0
,2021-12-30T01:32:10,19.5,36.0
,2021-12-30T01:33:02,19.5,36.0
,2021-12-30T01:34:01,19.5,36.0
,2021-12-30T01:35:04,19.5,36.0
,2021-12-30T01:36:07,19.5,36.0
,2021-12-30T01:37:01,19.5,36.0
,2021-12-30T01:38:02,19.5,36.0
,2021-12-30T01:39:07,19.5,36.0
,2021-12-30T01:40:17,19.5,36.0
,2021-12-30T01:41:02,19.5,36.0
,2021-12-30T01:42:02,19.5,36.0
,2021-12-30T01:43:02,19.5,36.0
,2021-12-30T01:44:02,19.5,36.0
,2021-12-30T01:45:22,19.5,36.0
,2021-12-30T01:46:02,19.5,36.0
,2021-12-30T01:47:02,19.5,36.0
,2021-12-30T01:48:02,19.5,36.0
,2021-12-30T01:49:07,19.5,36.0
,2021-12-30T01:50:14,19.5,36.0
,2021-12-30T01:51:02,19.5,36.0
,2021-12-30T01:52:02,19.5,36.0
,2021-12-30T01:53:05,19.5,36.0
,2021-12-30T01:54:01,19.5,36.0
,2021-12-30T01:55:10,19.5,36.0
,2021-12-30T01:56:02,19.5,36.0
,2021-12-30T01:57:02,19.5,36.0
,2021-12-30T01:58:01,19.5,36.0
,2021-12-30T01:59:05,19.5,36.1
,2021-12-30T02:00:09,19.5,36.0
,2021-12-30T02:01:02,19.5,36.0
,2021-12-30T02:02:01,19.5,36.0
,2021-12-30T02:03:02,19.5,36.0
,2021-12-30T02:04:04,19.5,36.1
,2021-12-30T02:05:11,19.5,36.1
,2021-12-30T02:06:01,19.5,36.1
,2021-12-30T02:07:02,19.5,36.1
,2021-12-30T02:08:02,19.5,36.1
,2021-12-30T02:09:04,19.5,36.1
,2021-12-30T02:10:01,19.5,36.1
,2021-12-30T02:11:02,19.5,36.1
,2021-12-30T02:12:02,19.5,36.0
,2021-12-30T02:13:02,19.5,36.0
,2021-12-30T02:14:02,19.5,36.0
,2021-12-30T02:15:09,19.5,36.1
,2021-12-30T02:16:02,19.5,36.0
,2021-12-30T02:17:01,19.5,36.0
,2021-12-30T02:18:02,19.5,36.1
,2021-12-30T02:19:05,19.5,36.1
,2021-12-30T02:20:09,19.5,36.1
,2021-12-30T02:21:02,19.5,36.0
,2021-12-30T02:22:02,19.5,36.0
,2021-12-30T02:23:01,19.5,36.0
,2021-12-30T02:24:02,19.5,36.1
,2021-12-30T02:25:05,19.5,36.1
,2021-12-30T02:26:01,19.5,36.1
,2021-12-30T02:27:04,19.5,36.1
,2021-12-30T02:28:02,19.5,36.1
,2021-12-30T02:29:05,19.5,36.1
,2021-12-30T02:30:19,19.5,36.1
,2021-12-30T02:31:07,19.5,36.0
,2021-12-30T02:32:01,19.5,36.0
,2021-12-30T02:33:02,19.5,36.0
,2021-12-30T02:34:02,19.5,36.1
,2021-12-30T02:35:04,19.5,36.0
,2021-12-30T02:36:02,19.5,36.0
,2021-12-30T02:37:02,19.5,36.0
,2021-12-30T02:38:07,19.5,36.0
,2021-12-30T02:39:02,19.5,36.0
,2021-12-30T02:40:20,19.5,36.0
,2021-12-30T02:41:01,19.5,36.0
,2021-12-30T02:42:02,19.5,36.0
,2021-12-30T02:43:01,19.5,36.0
,2021-12-30T02:44:02,19.5,36.0
,2021-12-30T02:45:12,19.5,36.0
,2021-12-30T02:46:02,19.5,36.0
,2021-12-30T02:47:02,19.5,36.0
,2021-12-30T02:48:05,19.5,36.0
,2021-12-30T02:49:01,19.5,36.0
,2021-12-30T02:50:15,19.5,36.0
,2021-12-30T02:51:02,19.5,36.0
,2021-12-30T02:52:04,19.5,36.0
,2021-12-30T02:53:02,19.5,36.0
,2021-12-30T02:54:04,19.5,36.0
,2021-12-30T02:55:17,19.5,36.0
,2021-12-30T02:56:01,19.5,36.0
,2021-12-30T02:57:02,19.5,36.0
,2021-12-30T02:58:02,19.5,36.0
,2021-12-30T02:59:02,19.5,36.0
,2021-12-30T03:00:04,19.5,36.0
,2021-12-30T03:01:02,19.5,35.7
,2021-12-30T03:02:02,19.5,36.0
,2021-12-30T03:03:01,19.5,36.0
,2021-12-30T03:04:01,19.5,36.0
,2021-12-30T03:05:10,19.5,36.0
,2021-12-30T03:06:02,19.5,36.0
,2021-12-30T03:07:02,19.5,36.0
,2021-12-30T03:08:02,19.5,36.0
,2021-12-30T03:09:02,19.5,36.0
,2021-12-30T03:10:04,19.5,
,2021-12-30T03:11:05,19.5,
,2021-12-30T03:12:02,19.5,
,2021-12-30T03:13:02,19.5,
,2021-12-30T03:14:02,19.5,
,2021-12-30T03:15:06,19.5,36.0
,2021-12-30T03:16:04,19.5,36.0
,2021-12-30T03:17:04,19.5,
,2021-12-30T03:18:01,19.5,36.0
,2021-12-30T03:19:05,19.5,36.0
,2021-12-30T03:20:17,19.5,35.9
,2021-12-30T03:21:02,19.5,36.0
,2021-12-30T03:22:24,19.5,36.0
,2021-12-30T03:23:01,19.5,36.0
,2021-12-30T03:24:01,19.5,36.0
,2021-12-30T03:25:02,19.5,36.0
,2021-12-30T03:26:02,19.5,35.9
,2021-12-30T03:27:01,19.5,35.9
,2021-12-30T03:28:05,19.5,35.9
,2021-12-30T03:29:01,19.5,35.9
,2021-12-30T03:30:09,19.5,35.9
,2021-12-30T03:31:02,19.5,35.9
,2021-12-30T03:32:05,19.5,35.9
,2021-12-30T03:33:07,19.5,35.9
,2021-12-30T03:34:01,19.6,35.9
,2021-12-30T03:35:27,19.6,35.9
,2021-12-30T03:36:01,19.6,35.9
,2021-12-30T03:37:04,19.6,35.9
,2021-12-30T03:38:04,19.6,35.9
,2021-12-30T03:39:02,19.6,35.9
,2021-12-30T03:40:15,19.6,35.9
,2021-12-30T03:41:01,19.6,35.9
,2021-12-30T03:42:01,19.6,35.9
,2021-12-30T03:43:02,19.6,35.9
,2021-12-30T03:44:02,19.6,35.9
,2021-12-30T03:45:17,19.6,35.9
,2021-12-30T03:46:02,19.6,36.0
,2021-12-30T03:47:02,19.6,35.9
,2021-12-30T03:48:02,19.5,35.9
,2021-12-30T03:49:01,19.5,35.9
,2021-12-30T03:50:05,19.5,35.9
,2021-12-30T03:51:04,19.5,35.9
,2021-12-30T03:52:02,19.5,35.9
,2021-12-30T03:53:02,19.5,35.9
,2021-12-30T03:54:01,19.5,35.9
,2021-12-30T03:55:17,19.5,35.9
,2021-12-30T03:56:02,19.5,35.9
,2021-12-30T03:57:02,19.5,36.0
,2021-12-30T03:58:02,19.5,36.0
,2021-12-30T03:59:04,19.5,36.0
,2021-12-30T04:00:05,,35.9
,2021-12-30T04:01:07,19.6,36.0
,2021-12-30T04:02:02,19.6,36.0
,2021-12-30T04:03:02,19.5,35.9
,2021-12-30T04:04:01,19.6,36.0
,2021-12-30T04:05:09,19.6,36.0
,2021-12-30T04:06:02,19.5,35.9
,2021-12-30T04:07:05,19.6,36.0
,2021-12-30T04:08:01,19.5,35.9
,2021-12-30T04:09:02,19.5,35.9
,2021-12-30T04:10:22,19.5,35.9
,2021-12-30T04:11:02,19.6,35.9
,2021-12-30T04:12:02,19.5,35.9
,2021-12-30T04:13:02,19.5,35.9
,2021-12-30T04:14:02,19.5,35.9
,2021-12-30T04:15:02,19.6,36.0
,2021-12-30T04:16:02,19.5,36.0
,2021-12-30T04:17:01,19.5,36.0
,2021-12-30T04:18:01,19.5,36.0
,2021-12-30T04:19:02,19.5,36.0
,2021-12-30T04:20:07,19.5,35.9
,2021-12-30T04:21:02,19.5,35.9
,2021-12-30T04:22:02,19.5,35.9
,2021-12-30T04:23:02,19.5,36.0
,2021-12-30T04:24:02,19.6,36.0
,2021-12-30T04:25:07,19.5,36.0
,2021-12-30T04:26:02,19.5,35.9
,2021-12-30T04:27:02,19.5,35.9
,2021-12-30T04:28:02,19.5,35.9
,2021-12-30T04:29:02,19.5,35.9
,2021-12-30T04:30:22,19.5,35.9
,2021-12-30T04:31:07,19.5,36.0
,2021-12-30T04:32:05,19.5,36.0
,2021-12-30T04:33:02,19.5,36.0
,2021-12-30T04:34:04,19.5,36.0
,2021-12-30T04:35:02,19.5,36.0
,2021-12-30T04:36:02,19.5,35.9
,2021-12-30T04:37:02,19.6,36.0
,2021-12-30T04:38:01,19.6,36.0
,2021-12-30T04:39:05,19.5,35.9
,2021-12-30T04:40:04,19.5,35.9
,2021-12-30T04:41:02,19.5,35.9
,2021-12-30T04:42:02,19.5,35.9
,2021-12-30T04:43:02,19.5,36.0
,2021-12-30T04:44:02,19.5,36.0
,2021-12-30T04:45:27,19.5,35.9
,2021-12-30T04:46:02,19.6,36.0
,2021-12-30T04:47:02,19.5,35.9
,2021-12-30T04:48:02,19.5,35.9
,2021-12-30T04:49:02,19.5,36.0
,2021-12-30T04:50:04,19.5,36.0
,2021-12-30T04:51:02,19.5,36.0
,2021-12-30T04:52:05,19.5,36.0
,2021-12-30T04:53:02,19.5,36.0
,2021-12-30T04:54:04,19.5,36.0
,2021-12-30T04:55:10,19.5,36.0
,2021-12-30T04:56:01,19.5,36.0
,2021-12-30T04:57:02,19.5,36.0
,2021-12-30T04:58:02,19.5,36.0
,2021-12-30T04:59:02,19.5,36.0
,2021-12-30T05:00:04,19.5,36.0
,2021-12-30T05:01:02,19.5,36.0
,2021-12-30T05:02:04,19.5,36.0
,2021-12-30T05:03:04,19.5,36.0
,2021-12-30T05:04:02,19.5,36.0
,2021-12-30T05:05:04,19.5,35.9
,2021-12-30T05:06:02,19.5,35.9
,2021-12-30T05:07:02,19.5,35.9
,2021-12-30T05:08:05,19.6,36.4
,2021-12-30T05:09:01,19.5,35.9
,2021-12-30T05:10:17,19.6,35.9
,2021-12-30T05:11:01,19.6,35.9
,2021-12-30T05:12:02,19.6,35.9
,2021-12-30T05:13:02,19.6,35.9
,2021-12-30T05:14:02,19.6,35.9
,2021-12-30T05:15:19,19.5,35.9
,2021-12-30T05:16:02,19.5,35.9
,2021-12-30T05:17:02,19.6,35.9
,2021-12-30T05:18:07,19.6,35.9
,2021-12-30T05:19:04,19.5,35.9
,2021-12-30T05:20:12,19.5,35.9
,2021-12-30T05:21:02,19.6,35.9
,2021-12-30T05:22:02,19.6,35.9
,2021-12-30T05:23:02,19.5,35.9
,2021-12-30T05:24:07,19.5,35.9
,2021-12-30T05:25:19,19.6,
,2021-12-30T05:26:02,19.6,35.9
,2021-12-30T05:27:07,19.6,36.0
,2021-12-30T05:28:01,19.6,35.9
,2021-12-30T05:29:02,19.6,35.9
,2021-12-30T05:30:05,19.6,36.0
,2021-12-30T05:31:07,19.6,35.4
,2021-12-30T05:32:02,19.6,35.9
,2021-12-30T05:33:02,19.6,35.9
,2021-12-30T05:34:07,19.6,35.9
,2021-12-30T05:35:07,19.6,35.4
,2021-12-30T05:36:01,19.6,35.9
,2021-12-30T05:37:05,19.6,35.9
,2021-12-30T05:38:02,19.6,35.9
,2021-12-30T05:39:01,19.5,35.9
,2021-12-30T05:40:05,19.6,36.0
,2021-12-30T05:41:07,19.6,35.9
,2021-12-30T05:42:02,19.6,35.9
,2021-12-30T05:43:09,19.6,35.9
,2021-12-30T05:44:05,19.6,35.9
,2021-12-30T05:45:01,19.6,35.9
,2021-12-30T05:46:04,19.6,35.9
,2021-12-30T05:47:01,19.6,35.9
,2021-12-30T05:48:02,19.6,35.9
,2021-12-30T05:49:02,19.6,35.9
,2021-12-30T05:50:04,19.6,35.9
,2021-12-30T05:51:02,19.6,35.9
,2021-12-30T05:52:02,19.6,36.0
,2021-12-30T05:53:02,19.6,36.0
,2021-12-30T05:54:04,19.6,36.0
,2021-12-30T05:55:12,19.6,35.9
,2021-12-30T05:56:05,19.6,35.9
,2021-12-30T05:57:02,19.6,35.9
,2021-12-30T05:58:02,19.6,35.9
,2021-12-30T05:59:02,19.6,35.9
,2021-12-30T06:00:17,19.6,35.9
,2021-12-30T06:01:02,19.6,35.9
,2021-12-30T06:02:02,19.6,36.0
,2021-12-30T06:03:02,19.5,35.9
,2021-12-30T06:04:02,19.6,36.0
,2021-12-30T06:05:04,19.6,36.0
,2021-12-30T06:06:02,19.6,35.5
,2021-12-30T06:07:01,19.6,36.0
,2021-12-30T06:08:07,19.5,36.0
,2021-12-30T06:09:02,19.5,36.0
,2021-12-30T06:10:20,19.5,36.0
,2021-12-30T06:11:12,19.5,36.0
,2021-12-30T06:12:01,19.5,36.0
,2021-12-30T06:13:01,19.5,36.0
,2021-12-30T06:14:02,19.5,36.0
,2021-12-30T06:15:05,19.5,36.0
,2021-12-30T06:16:12,19.5,36.1
,2021-12-30T06:17:04,19.5,36.0
,2021-12-30T06:18:02,19.5,36.0
,2021-12-30T06:19:02,19.5,36.1
,2021-12-30T06:20:02,19.5,36.1
,2021-12-30T06:21:02,19.5,36.1
,2021-12-30T06:22:04,19.5,36.1
,2021-12-30T06:23:05,19.5,36.1
,2021-12-30T06:24:01,19.5,36.1
,2021-12-30T06:25:22,19.5,35.6
,2021-12-30T06:26:01,19.5,36.1
,2021-12-30T06:27:02,19.5,36.1
,2021-12-30T06:28:04,19.5,36.1
,2021-12-30T06:29:05,19.5,36.1
,2021-12-30T06:30:09,19.5,36.1
,2021-12-30T06:31:02,19.5,36.1
,2021-12-30T06:32:02,19.5,36.2
,2021-12-30T06:33:05,19.4,36.1
,2021-12-30T06:34:01,19.5,36.2
,2021-12-30T06:35:04,19.5,36.2
,2021-12-30T06:36:02,19.5,36.1
,2021-12-30T06:37:02,19.5,36.1
,2021-12-30T06:38:02,19.5,36.2
,2021-12-30T06:39:02,19.5,36.2
,2021-12-30T06:40:22,19.5,36.2
,2021-12-30T06:41:02,19.5,36.2
,2021-12-30T06:42:02,19.5,36.2
,2021-12-30T06:43:04,19.4,36.2
,2021-12-30T06:44:02,19.5,36.2
,2021-12-30T06:45:07,19.4,36.2
,2021-12-30T06:46:04,19.5,36.2
,2021-12-30T06:47:01,19.5,36.2
,2021-12-30T06:48:05,19.5,36.2
,2021-12-30T06:49:02,19.5,36.2
,2021-12-30T06:50:24,19.4,36.2
,2021-12-30T06:51:02,19.5,36.2
,2021-12-30T06:52:02,19.5,36.2
,2021-12-30T06:53:02,19.5,36.2
,2021-12-30T06:54:02,19.5,36.3
,2021-12-30T06:55:07,19.5,36.3
,2021-12-30T06:56:06,19.4,36.2
,2021-12-30T06:57:02,19.4,36.2
,2021-12-30T06:58:01,19.4,36.2
,2021-12-30T06:59:01,19.5,36.3
,2021-12-30T07:00:12,19.5,36.3
,2021-12-30T07:01:02,19.5,36.2
,2021-12-30T07:02:02,19.5,36.2
,2021-12-30T07:03:02,19.5,36.3
,2021-12-30T07:04:02,19.5,36.3
,2021-12-30T07:05:22,19.5,36.3
,2021-12-30T07:06:02,19.5,36.3
,2021-12-30T07:07:04,19.4,36.3
,2021-12-30T07:08:07,19.5,36.4
,2021-12-30T07:09:02,19.5,36.3
,2021-12-30T07:10:22,19.5,36.4
,2021-12-30T07:11:02,19.5,36.4
,2021-12-30T07:12:02,19.4,36.4
,2021-12-30T07:13:07,19.5,36.4
,2021-12-30T07:14:02,19.5,36.4
,2021-12-30T07:15:12,19.5,36.4
,2021-12-30T07:16:02,19.5,36.4
,2021-12-30T07:17:01,19.5,36.5
,2021-12-30T07:18:05,19.5,36.5
,2021-12-30T07:19:02,19.5,36.5
,2021-12-30T07:20:12,19.5,36.5
,2021-12-30T07:21:01,19.5,36.5
,2021-12-30T07:22:05,19.5,36.6
,2021-12-30T07:23:02,19.5,36.6
,2021-12-30T07:24:01,19.5,36.6
,2021-12-30T07:25:01,19.5,36.6
,2021-12-30T07:26:01,19.5,36.6
,2021-12-30T07:27:02,19.5,36.7
,2021-12-30T07:28:02,19.5,36.7
,2021-12-30T07:29:02,19.5,36.7
,2021-12-30T07:30:12,19.5,36.7
,2021-12-30T07:31:07,19.4,36.7
,2021-12-30T07:32:02,19.5,36.7
,2021-12-30T07:33:02,19.5,36.7
,2021-12-30T07:34:02,19.5,36.8
,2021-12-30T07:35:12,19.4,36.8
,2021-12-30T07:36:01,19.4,36.8
,2021-12-30T07:37:02,19.4,36.8
,2021-12-30T07:38:02,19.4,36.9
,2021-12-30T07:39:02,19.4,36.8
,2021-12-30T07:40:07,19.4,36.9
,2021-12-30T07:41:01,19.4,36.9
,2021-12-30T07:42:01,19.4,36.9
,2021-12-30T07:43:05,19.4,36.9
,2021-12-30T07:44:02,19.4,36.9
,2021-12-30T07:45:04,19.4,36.9
,2021-12-30T07:46:02,19.4,36.9
,2021-12-30T07:47:02,19.4,36.9
,2021-12-30T07:48:05,19.4,36.9
,2021-12-30T07:49:01,19.5,37.0
,2021-12-30T07:50:22,19.5,37.0
,2021-12-30T07:51:01,19.5,37.0
,2021-12-30T07:52:07,19.5,37.0
,2021-12-30T07:53:01,19.5,37.0
,2021-12-30T07:54:01,19.5,37.0
,2021-12-30T07:55:07,19.5,37.0
,2021-12-30T07:56:02,19.5,37.0
,2021-12-30T07:57:01,19.5,37.0
,2021-12-30T07:58:05,19.5,37.0
,2021-12-30T07:59:07,19.5,37.1
,2021-12-30T08:00:12,19.5,37.0
,2021-12-30T08:01:01,19.5,37.0
,2021-12-30T08:02:04,19.5,37.1
,2021-12-30T08:03:02,19.5,37.1
,2021-12-30T08:04:02,19.5,37.1
,2021-12-30T08:05:09,19.5,37.1
,2021-12-30T08:06:02,19.5,37.1
,2021-12-30T08:07:02,19.5,37.2
,2021-12-30T08:08:02,19.5,37.1
,2021-12-30T08:09:04,19.5,37.2
,2021-12-30T08:10:07,19.5,37.2
,2021-12-30T08:11:07,19.5,37.2
,2021-12-30T08:12:02,19.5,37.2
,2021-12-30T08:13:05,19.5,37.2
,2021-12-30T08:14:01,19.5,37.2
,2021-12-30T08:15:11,19.5,37.2
,2021-12-30T08:16:01,19.5,37.2
,2021-12-30T08:17:02,19.5,37.3
,2021-12-30T08:18:02,19.5,37.3
,2021-12-30T08:19:02,19.4,37.2
,2021-12-30T08:20:27,19.5,37.3
,2021-12-30T08:21:02,19.5,37.2
,2021-12-30T08:22:02,19.5,37.3
,2021-12-30T08:23:02,19.5,37.3
,2021-12-30T08:24:02,19.4,37.3
,2021-12-30T08:25:22,19.4,37.3
,2021-12-30T08:26:02,19.4,37.3
,2021-12-30T08:27:02,19.5,37.4
,2021-12-30T08:28:02,19.5,37.4
,2021-12-30T08:29:02,19.5,37.4
,2021-12-30T08:30:17,19.5,37.4
,2021-12-30T08:31:02,19.5,37.4
,2021-12-30T08:32:02,19.4,37.4
,2021-12-30T08:33:02,19.4,37.4
,2021-12-30T08:34:02,19.4,37.4
,2021-12-30T08:35:04,19.4,37.4
,2021-12-30T08:36:02,19.5,37.4
,2021-12-30T08:37:05,19.4,37.5
,2021-12-30T08:38:02,19.5,37.5
,2021-12-30T08:39:01,19.5,37.5
,2021-12-30T08:40:10,19.5,37.4
,2021-12-30T08:41:02,19.5,37.4
,2021-12-30T08:42:02,19.5,37.5
,2021-12-30T08:43:02,19.5,37.5
,2021-12-30T08:44:02,19.5,37.5
,2021-12-30T08:45:01,19.5,37.5
,2021-12-30T08:46:01,19.5,37.5
,2021-12-30T08:47:01,19.5,37.6
,2021-12-30T08:48:02,19.5,37.6
,2021-12-30T08:49:02,19.5,37.6
,2021-12-30T08:50:12,19.4,37.6
,2021-12-30T08:51:02,19.4,37.6
,2021-12-30T08:52:02,19.5,37.6
,2021-12-30T08:53:02,19.5,37.7
,2021-12-30T08:54:02,19.4,37.6
,2021-12-30T08:55:17,19.5,37.7
,2021-12-30T08:56:02,19.5,37.7
,2021-12-30T08:57:09,19.5,37.7
,2021-12-30T08:58:02,19.5,37.7
,2021-12-30T08:59:04,19.5,37.7
,2021-12-30T09:00:05,19.5,37.6
,2021-12-30T09:01:02,19.5,37.6
,2021-12-30T09:02:02,19.5,37.7
,2021-12-30T09:03:02,19.5,37.7
,2021-12-30T09:04:02,19.5,37.6
,2021-12-30T09:05:01,19.5,37.6
,2021-12-30T09:06:07,19.5,37.7
,2021-12-30T09:07:02,19.5,37.7
,2021-12-30T09:08:02,19.5,37.7
,2021-12-30T09:09:02,19.5,37.7
,2021-12-30T09:10:07,19.5,37.8
,2021-12-30T09:11:01,19.5,37.8
,2021-12-30T09:12:02,19.5,37.8
,2021-12-30T09:13:02,19.5,37.7
,2021-12-30T09:14:02,19.5,37.9
,2021-12-30T09:15:22,19.5,37.8
,2021-12-30T09:16:01,19.5,37.8
,2021-12-30T09:17:05,19.5,37.8
,2021-12-30T09:18:02,19.5,37.8
,2021-12-30T09:19:01,19.5,37.9
,2021-12-30T09:20:15,19.5,37.9
,2021-12-30T09:21:02,19.5,37.9
,2021-12-30T09:22:04,19.5,37.8
,2021-12-30T09:23:01,19.6,37.9
,2021-12-30T09:24:02,19.5,37.9
,2021-12-30T09:25:05,19.5,37.9
,2021-12-30T09:26:04,19.5,37.9
,2021-12-30T09:27:02,19.5,37.9
,2021-12-30T09:28:02,19.5,37.9
,2021-12-30T09:29:02,19.5,37.9
,2021-12-30T09:30:09,19.5,37.9
,2021-12-30T09:31:02,19.5,37.9
,2021-12-30T09:32:05,19.5,37.9
,2021-12-30T09:33:02,19.5,37.9
,2021-12-30T09:34:01,19.5,37.9
,2021-12-30T09:35:02,19.5,38.0
,2021-12-30T09:36:02,19.5,38.0
,2021-12-30T09:37:07,19.5,38.4
,2021-12-30T09:38:04,19.5,38.0
,2021-12-30T09:39:02,19.5,38.0
,2021-12-30T09:40:02,19.5,38.0
,2021-12-30T09:41:02,19.5,38.1
,2021-12-30T09:42:02,19.5,38.1
,2021-12-30T09:43:02,19.5,38.1
,2021-12-30T09:44:04,19.5,38.1
,2021-12-30T09:45:20,19.5,38.1
,2021-12-30T09:46:12,19.5,38.1
,2021-12-30T09:47:04,19.5,38.1
,2021-12-30T09:48:02,19.5,38.1
,2021-12-30T09:49:02,19.5,38.1
,2021-12-30T09:50:09,,
,2021-12-30T09:51:10,19.5,38.1
,2021-12-30T09:52:02,19.5,38.1
,2021-12-30T09:53:01,19.5,38.2
,2021-12-30T09:54:02,19.5,38.2
,2021-12-30T09:55:07,19.5,38.2
,2021-12-30T09:56:02,19.5,38.2
,2021-12-30T09:57:02,19.5,38.1
,2021-12-30T09:58:02,19.5,38.2
,2021-12-30T09:59:02,19.5,38.2
,2021-12-30T10:00:09,19.5,38.2
,2021-12-30T10:01:02,19.5,38.2
,2021-12-30T10:02:02,19.6,38.3
,2021-12-30T10:03:02,19.5,38.2
,2021-12-30T10:04:02,19.6,38.2
,2021-12-30T10:05:12,19.6,38.2
,2021-12-30T10:06:02,19.6,38.2
,2021-12-30T10:07:01,19.6,38.2
,2021-12-30T10:08:02,19.6,38.2
,2021-12-30T10:09:02,19.6,38.2
,2021-12-30T10:10:20,19.6,39.1
,2021-12-30T10:11:01,19.6,38.2
,2021-12-30T10:12:05,19.6,38.2
,2021-12-30T10:13:01,19.6,38.2
,2021-12-30T10:14:01,19.6,38.2
,2021-12-30T10:15:12,19.6,38.2
,2021-12-30T10:16:02,19.6,38.2
,2021-12-30T10:17:01,19.6,38.3
,2021-12-30T10:18:01,19.6,38.2
,2021-12-30T10:19:02,19.6,38.2
,2021-12-30T10:20:05,19.6,38.2
,2021-12-30T10:21:01,19.6,38.2
,2021-12-30T10:22:09,19.6,38.2
,2021-12-30T10:23:02,19.6,38.2
,2021-12-30T10:24:02,19.6,38.3
,2021-12-30T10:25:09,19.6,38.3
,2021-12-30T10:26:10,19.6,38.3
,2021-12-30T10:27:02,19.6,38.3
,2021-12-30T10:28:01,19.6,38.3
,2021-12-30T10:29:02,19.6,38.3
,2021-12-30T10:30:05,19.6,38.4
,2021-12-30T10:31:02,19.6,38.3
,2021-12-30T10:32:02,19.6,38.4
,2021-12-30T10:33:02,19.6,38.4
,2021-12-30T10:34:02,19.6,38.4
,2021-12-30T10:35:09,19.6,38.4
,2021-12-30T10:36:10,19.6,38.4
,2021-12-30T10:37:01,19.6,38.4
,2021-12-30T10:38:01,19.6,38.4
,2021-12-30T10:39:02,19.6,38.4
,2021-12-30T10:40:10,19.6,38.4
,2021-12-30T10:41:01,19.6,38.4
,2021-12-30T10:42:02,19.6,38.4
,2021-12-30T10:43:02,19.6,38.5
,2021-12-30T10:44:02,19.6,38.4
,2021-12-30T10:45:19,19.6,38.3
,2021-12-30T10:46:02,19.7,38.4
,2021-12-30T10:47:01,19.7,38.4
,2021-12-30T10:48:05,19.6,38.4
,2021-12-30T10:49:02,19.7,38.4
,2021-12-30T10:50:04,19.7,38.4
,2021-12-30T10:51:02,19.6,38.4
,2021-12-30T10:52:05,19.7,38.4
,2021-12-30T10:53:01,19.6,38.3
,2021-12-30T10:54:01,19.7,38.4
,2021-12-30T10:55:12,19.7,38.4
,2021-12-30T10:56:02,19.7,38.4
,2021-12-30T10:57:02,19.7,38.4
,2021-12-30T10:58:01,19.7,38.4
,2021-12-30T10:59:01,19.7,38.4
,2021-12-30T11:00:02,,38.4
,2021-12-30T11:01:01,19.7,38.4
,2021-12-30T11:02:02,19.7,38.5
,2021-12-30T11:03:02,19.7,38.5
,2021-12-30T11:04:02,19.7,38.5
,2021-12-30T11:05:12,19.7,38.5
,2021-12-30T11:06:02,19.7,38.5
,2021-12-30T11:07:02,19.7,38.5
,2021-12-30T11:08:02,19.7,38.5
,2021-12-30T11:09:02,19.7,38.5
,2021-12-30T11:10:04,19.7,38.5
,2021-12-30T11:11:02,19.7,38.5
,2021-12-30T11:12:02,19.6,38.5
,2021-12-30T11:13:05,19.7,38.6
,2021-12-30T11:14:01,19.7,38.6
,2021-12-30T11:15:04,19.7,38.6
,2021-12-30T11:16:02,19.7,38.7
,2021-12-30T11:17:01,19.7,38.6
,2021-12-30T11:18:05,19.7,38.6
,2021-12-30T11:19:02,19.7,38.6
,2021-12-30T11:20:07,19.7,38.7
,2021-12-30T11:21:01,19.7,39.1
,2021-12-30T11:22:02,19.7,38.7
,2021-12-30T11:23:01,19.7,38.7
,2021-12-30T11:24:02,19.7,38.7
,2021-12-30T11:25:17,19.7,38.8
,2021-12-30T11:26:02,19.7,38.7
,2021-12-30T11:27:02,19.7,38.8
,2021-12-30T11:28:02,19.7,38.7
,2021-12-30T11:29:02,19.8,38.7
,2021-12-30T11:30:12,19.8,38.8
,2021-12-30T11:31:01,19.8,38.8
,2021-12-30T11:32:02,19.7,38.7
,2021-12-30T11:33:02,19.8,38.8
,2021-12-30T11:34:02,19.8,38.8
,2021-12-30T11:35:01,19.8,38.8
,2021-12-30T11:36:05,19.8,38.8
,2021-12-30T11:37:02,19.8,38.8
,2021-12-30T11:38:02,19.8,38.8
,2021-12-30T11:39:02,19.8,38.8
,2021-12-30T11:40:12,19.8,38.8
,2021-12-30T11:41:04,19.8,38.8
,2021-12-30T11:42:04,19.8,38.8
,2021-12-30T11:43:04,19.8,38.7
,2021-12-30T11:44:01,19.8,38.7
,2021-12-30T11:45:05,19.8,38.8
,2021-12-30T11:46:02,19.8,38.8
,2021-12-30T11:47:02,19.8,38.9
,2021-12-30T11:48:02,19.8,38.8
,2021-12-30T11:49:02,19.8,38.8
,2021-12-30T11:50:04,19.8,39.0
,2021-12-30T11:51:05,19.8,38.8
,2021-12-30T11:52:05,19.8,38.9
,2021-12-30T11:53:01,19.8,38.9
,2021-12-30T11:54:02,19.8,38.8
,2021-12-30T11:55:05,19.8,39.0
,2021-12-30T11:56:07,19.8,39.0
,2021-12-30T11:57:01,19.8,39.0
,2021-12-30T11:58:05,19.8,39.0
,2021-12-30T11:59:14,19.8,39.0
,2021-12-30T12:00:10,19.8,38.8
,2021-12-30T12:01:01,19.8,39.1
,2021-12-30T12:02:02,19.8,39.0
,2021-12-30T12:03:04,19.8,39.1
,2021-12-30T12:04:04,19.8,39.0
,2021-12-30T12:05:16,19.8,39.1
,2021-12-30T12:06:01,19.8,39.1
,2021-12-30T12:07:02,19.8,39.1
,2021-12-30T12:08:02,19.8,39.1
,2021-12-30T12:09:01,19.8,39.1
,2021-12-30T12:10:14,19.8,39.1
,2021-12-30T12:11:02,19.8,39.1
,2021-12-30T12:12:02,19.8,39.1
,2021-12-30T12:13:02,19.8,39.1
,2021-12-30T12:14:02,19.8,39.1
,2021-12-30T12:15:02,,
,2021-12-30T12:16:09,19.9,39.3
,2021-12-30T12:17:05,19.8,39.1
,2021-12-30T12:18:02,19.8,39.1
,2021-12-30T12:19:02,19.9,39.2
,2021-12-30T12:20:04,19.9,39.2
,2021-12-30T12:21:02,19.9,39.1
,2021-12-30T12:22:02,19.9,39.2
,2021-12-30T12:23:02,19.9,39.3
,2021-12-30T12:24:02,19.9,39.3
,2021-12-30T12:25:06,19.9,39.3
,2021-12-30T12:26:01,19.9,39.3
,2021-12-30T12:27:01,19.9,39.3
,2021-12-30T12:28:01,19.9,39.2
,2021-12-30T12:29:05,19.9,39.3
,2021-12-30T12:30:02,19.9,39.2
,2021-12-30T12:31:02,19.9,39.2
,2021-12-30T12:32:05,20.0,39.2
,2021-12-30T12:33:02,19.9,39.1
,2021-12-30T12:34:04,20.0,39.2
,2021-12-30T12:35:04,19.9,39.2
,2021-12-30T12:36:02,20.0,39.2
,2021-12-30T12:37:02,19.9,39.2
,2021-12-30T12:38:02,20.0,39.2
,2021-12-30T12:39:01,20.0,39.2
,2021-12-30T12:40:05,20.0,39.2
,2021-12-30T12:41:02,19.9,39.2
,2021-12-30T12:42:02,20.0,39.2
,2021-12-30T12:43:02,20.0,39.3
,2021-12-30T12:44:02,20.0,39.3
,2021-12-30T12:45:01,20.0,39.3
,2021-12-30T12:46:02,20.0,39.1
,2021-12-30T12:47:02,20.0,39.5
,2021-12-30T12:48:02,20.1,39.6
,2021-12-30T12:49:02,20.0,39.5
,2021-12-30T12:50:04,20.0,39.4
,2021-12-30T12:51:02,20.0,39.4
,2021-12-30T12:52:02,20.0,39.4
,2021-12-30T12:53:02,20.0,39.4
,2021-12-30T12:54:01,20.0,39.4
,2021-12-30T12:55:15,20.0,39.4
,2021-12-30T12:56:02,20.0,39.4
,2021-12-30T12:57:02,20.0,39.4
,2021-12-30T12:58:02,20.0,39.4
,2021-12-30T12:59:02,20.0,39.5
,2021-12-30T13:00:17,20.0,39.5
,2021-12-30T13:01:02,20.0,39.5
,2021-12-30T13:02:02,20.0,39.6
,2021-12-30T13:03:02,20.0,39.5
,2021-12-30T13:04:02,20.0,39.5
,2021-12-30T13:05:04,20.0,39.5
,2021-12-30T13:06:02,20.0,39.5
,2021-12-30T13:07:01,20.0,39.5
,2021-12-30T13:08:02,20.0,39.5
,2021-12-30T13:09:05,20.0,39.4
,2021-12-30T13:10:22,20.0,39.3
,2021-12-30T13:11:02,20.0,39.3
,2021-12-30T13:12:02,20.0,39.3
,2021-12-30T13:13:02,20.0,39.4
,2021-12-30T13:14:01,20.1,39.5
,2021-12-30T13:15:07,20.1,40.0
,2021-12-30T13:16:02,20.1,40.0
,2021-12-30T13:17:02,20.1,40.1
,2021-12-30T13:18:02,20.1,39.9
,2021-12-30T13:19:02,20.1,40.1
,2021-12-30T13:20:02,20.2,40.2
,2021-12-30T13:21:01,20.2,40.6
,2021-12-30T13:22:02,20.3,40.7
,2021-12-30T13:23:02,20.3,41.0
,2021-12-30T13:24:02,20.3,41.2
,2021-12-30T13:25:12,20.4,41.4
,2021-12-30T13:26:02,20.4,41.4
,2021-12-30T13:27:02,20.4,41.7
,2021-12-30T13:28:05,20.4,41.2
,2021-12-30T13:29:01,20.5,41.0
,2021-12-30T13:30:05,20.5,42.4
,2021-12-30T13:31:01,20.5,42.4
,2021-12-30T13:32:05,20.6,41.2
,2021-12-30T13:33:01,20.5,41.2
,2021-12-30T13:34:01,20.6,41.7
,2021-12-30T13:35:02,20.6,41.4
,2021-12-30T13:36:01,20.6,41.5
,2021-12-30T13:37:02,20.6,41.5
,2021-12-30T13:38:02,20.6,41.5
,2021-12-30T13:39:04,20.7,41.3
,2021-12-30T13:40:02,20.7,41.3
,2021-12-30T13:41:05,20.7,41.1
,2021-12-30T13:42:05,20.7,41.1
,2021-12-30T13:43:02,20.7,41.1
,2021-12-30T13:44:01,20.7,41.0
,2021-12-30T13:45:02,20.7,41.0
,2021-12-30T13:46:01,20.7,41.0
,2021-12-30T13:47:02,20.8,40.9
,2021-12-30T13:48:02,20.7,41.0
,2021-12-30T13:49:02,20.8,41.6
,2021-12-30T13:50:07,20.8,41.2
,2021-12-30T13:51:02,20.8,41.2
,2021-12-30T13:52:05,20.8,41.3
,2021-12-30T13:53:01,20.8,41.3
,2021-12-30T13:54:01,20.8,41.5
,2021-12-30T13:55:05,20.8,41.6
,2021-12-30T13:56:01,20.8,41.6
,2021-12-30T13:57:02,20.8,41.6
,2021-12-30T13:58:05,20.8,41.0
,2021-12-30T13:59:02,20.8,41.0
,2021-12-30T14:00:04,20.9,41.6
,2021-12-30T14:01:02,20.7,41.4
,2021-12-30T14:02:02,20.8,41.4
,2021-12-30T14:03:02,20.8,41.6
,2021-12-30T14:04:02,20.8,41.2
,2021-12-30T14:05:04,20.8,41.4
,2021-12-30T14:06:02,20.8,41.5
,2021-12-30T14:07:02,20.8,
,2021-12-30T14:08:04,20.9,
,2021-12-30T14:09:02,20.8,
,2021-12-30T14:10:09,20.8,
,2021-12-30T14:11:10,20.8,41.4
,2021-12-30T14:12:02,20.9,41.3
,2021-12-30T14:13:01,20.9,41.3
,2021-12-30T14:14:02,20.9,
,2021-12-30T14:15:22,20.9,41.2
,2021-12-30T14:16:05,20.9,41.1
,2021-12-30T14:17:04,20.9,41.2
,2021-12-30T14:18:05,20.9,40.5
,2021-12-30T14:19:02,20.9,40.5
,2021-12-30T14:20:01,20.9,40.6
,2021-12-30T14:21:02,20.9,40.8
,2021-12-30T14:22:02,20.9,40.8
,2021-12-30T14:23:07,20.9,40.8
,2021-12-30T14:24:06,20.9,40.8
,2021-12-30T14:25:01,20.9,40.8
,2021-12-30T14:26:01,21.0,40.9
,2021-12-30T14:27:02,21.0,40.8
,2021-12-30T14:28:04,21.0,40.7
,2021-12-30T14:29:01,21.0,40.7
,2021-12-30T14:30:07,21.0,40.6
,2021-12-30T14:31:05,21.0,40.8
,2021-12-30T14:32:02,21.0,40.7
,2021-12-30T14:33:02,21.0,40.8
,2021-12-30T14:34:01,21.0,40.7
,2021-12-30T14:35:04,21.0,40.8
,2021-12-30T14:36:02,21.0,40.8
,2021-12-30T14:37:04,21.0,40.7
,2021-12-30T14:38:02,21.0,40.7
,2021-12-30T14:39:02,21.0,40.6
,2021-12-30T14:40:07,21.0,40.6
,2021-12-30T14:41:01,21.0,40.6
,2021-12-30T14:42:07,21.0,40.6
,2021-12-30T14:43:02,21.0,40.6
,2021-12-30T14:44:02,21.0,40.6
,2021-12-30T14:45:19,21.0,40.6
,2021-12-30T14:46:05,21.0,40.6
,2021-12-30T14:47:02,21.0,40.6
,2021-12-30T14:48:02,21.0,40.5
,2021-12-30T14:49:02,21.0,40.6
,2021-12-30T14:50:20,21.0,40.5
,2021-12-30T14:51:01,21.1,40.6
,2021-12-30T14:52:04,21.0,40.5
,2021-12-30T14:53:01,21.0,40.5
,2021-12-30T14:54:07,21.0,40.5
,2021-12-30T14:55:05,21.0,40.6
,2021-12-30T14:56:01,21.0,40.6
,2021-12-30T14:57:02,21.0,40.6
,2021-12-30T14:58:01,21.0,40.6
,2021-12-30T14:59:02,21.0,40.5
,2021-12-30T15:00:20,21.0,40.6
,2021-12-30T15:01:02,21.0,
,2021-12-30T15:02:02,21.0,
,2021-12-30T15:03:04,21.0,40.5
,2021-12-30T15:04:02,21.0,40.5
,2021-12-30T15:05:02,21.0,40.5
,2021-12-30T15:06:01,21.0,
,2021-12-30T15:07:02,21.0,40.3
,2021-12-30T15:08:02,21.0,40.2
,2021-12-30T15:09:02,21.0,40.3
,2021-12-30T15:10:17,21.0,40.0
,2021-12-30T15:11:02,21.1,40.1
,2021-12-30T15:12:01,21.1,40.0
,2021-12-30T15:13:02,21.1,40.0
,2021-12-30T15:14:04,21.1,39.8
,2021-12-30T15:15:12,21.1,39.9
,2021-12-30T15:16:01,21.1,39.9
,2021-12-30T15:17:02,21.2,40.0
,2021-12-30T15:18:04,21.2,40.0
,2021-12-30T15:19:02,21.2,40.0
,2021-12-30T15:20:05,21.2,39.8
,2021-12-30T15:21:07,21.2,39.7
,2021-12-30T15:22:04,21.3,39.8
,2021-12-30T15:23:05,21.3,39.7
,2021-12-30T15:24:01,21.3,39.7
,2021-12-30T15:25:01,21.3,39.8
,2021-12-30T15:26:02,21.4,39.8
,2021-12-30T15:27:02,21.4,39.7
,2021-12-30T15:28:02,21.4,39.7
,2021-12-30T15:29:02,21.4,39.9
,2021-12-30T15:30:07,21.5,39.9
,2021-12-30T15:31:02,21.4,39.8
,2021-12-30T15:32:01,21.5,39.9
,2021-12-30T15:33:01,21.5,39.8
,2021-12-30T15:34:02,21.5,39.9
,2021-12-30T15:35:07,21.5,39.7
,2021-12-30T15:36:02,21.5,39.7
,2021-12-30T15:37:02,21.5,39.6
,2021-12-30T15:38:02,21.5,39.6
,2021-12-30T15:39:02,21.6,39.8
,2021-12-30T15:40:01,21.6,39.7
,2021-12-30T15:41:01,21.6,39.6
,2021-12-30T15:42:04,21.6,39.6
,2021-12-30T15:43:02,21.6,39.6
,2021-12-30T15:44:02,21.6,40.1
,2021-12-30T15:45:02,,39.9
,2021-12-30T15:46:02,,39.7
,2021-12-30T15:47:02,21.7,39.9
,2021-12-30T15:48:04,21.7,39.8
,2021-12-30T15:49:05,21.7,40.0
,2021-12-30T15:50:06,21.7,40.0
,2021-12-30T15:51:07,21.7,40.0
,2021-12-30T15:52:01,,39.9
,2021-12-30T15:53:02,,40.0
,2021-12-30T15:54:02,,40.1
,2021-12-30T15:55:20,21.8,40.0
,2021-12-30T15:56:01,21.8,40.1
,2021-12-30T15:57:04,21.8,40.4
,2021-12-30T15:58:02,21.8,40.4
,2021-12-30T15:59:07,21.9,40.2
,2021-12-30T16:00:05,21.9,40.2
,2021-12-30T16:01:07,21.9,40.1
,2021-12-30T16:02:01,21.9,40.1
,2021-12-30T16:03:01,21.9,40.1
,2021-12-30T16:04:02,21.9,40.1
,2021-12-30T16:05:07,21.9,40.1
,2021-12-30T16:06:09,22.0,40.2
,2021-12-30T16:07:01,21.9,40.2
,2021-12-30T16:08:05,22.0,40.1
,2021-12-30T16:09:02,22.0,40.1
,2021-12-30T16:10:04,22.0,40.1
,2021-12-30T16:11:02,22.0,40.1
,2021-12-30T16:12:01,22.0,40.0
,2021-12-30T16:13:02,22.0,40.0
,2021-12-30T16:14:05,22.0,40.0
,2021-12-30T16:15:04,22.1,40.1
,2021-12-30T16:16:02,22.0,40.1
,2021-12-30T16:17:04,22.1,40.0
,2021-12-30T16:18:04,22.1,40.0
,2021-12-30T16:19:05,22.1,40.1
,2021-12-30T16:20:07,22.1,40.0
,2021-12-30T16:21:02,22.1,40.0
,2021-12-30T16:22:02,22.1,40.0
,2021-12-30T16:23:04,22.1,39.8
,2021-12-30T16:24:02,22.1,39.8
,2021-12-30T16:25:22,22.1,40.1
,2021-12-30T16:26:02,22.1,40.0
,2021-12-30T16:27:02,22.2,39.9
,2021-12-30T16:28:02,22.1,39.8
,2021-12-30T16:29:07,22.1,40.0
,2021-12-30T16:30:24,22.1,40.0
,2021-12-30T16:31:05,22.1,39.8
,2021-12-30T16:32:05,22.1,40.2
,2021-12-30T16:33:01,22.1,40.2
,2021-12-30T16:34:02,22.1,39.8
,2021-12-30T16:35:20,22.1,40.0
,2021-12-30T16:36:02,22.1,39.9
,2021-12-30T16:37:02,22.1,40.0
,2021-12-30T16:38:01,22.1,40.0
,2021-12-30T16:39:02,22.1,40.1
,2021-12-30T16:40:10,22.1,40.1
,2021-12-30T16:41:01,22.1,40.1
,2021-12-30T16:42:02,22.1,40.0
,2021-12-30T16:43:01,22.1,39.9
,2021-12-30T16:44:02,22.1,40.0
,2021-12-30T16:45:05,22.1,40.1
,2021-12-30T16:46:01,22.1,40.1
,2021-12-30T16:47:01,22.1,40.0
,2021-12-30T16:48:01,22.1,40.0
,2021-12-30T16:49:02,22.1,40.0
,2021-12-30T16:50:05,22.1,39.9
,2021-12-30T16:51:01,22.1,39.9
,2021-12-30T16:52:02,22.1,40.0
,2021-12-30T16:53:02,22.1,39.9
,2021-12-30T16:54:02,22.1,39.9
,2021-12-30T16:55:09,22.1,
,2021-12-30T16:56:02,22.1,39.8
,2021-12-30T16:57:02,,40.0
,2021-12-30T16:58:02,22.2,40.1
,2021-12-30T16:59:02,22.2,39.9
,2021-12-30T17:00:09,22.2,39.9
,2021-12-30T17:01:02,22.2,39.9
,2021-12-30T17:02:02,22.2,39.8
,2021-12-30T17:03:02,22.2,39.9
,2021-12-30T17:04:02,22.2,39.9
,2021-12-30T17:05:07,22.3,39.9
,2021-12-30T17:06:07,22.3,39.8
,2021-12-30T17:07:02,22.3,39.8
,2021-12-30T17:08:02,22.3,39.8
,2021-12-30T17:09:02,22.3,39.6
,2021-12-30T17:10:22,22.3,39.8
,2021-12-30T17:11:02,22.3,39.8
,2021-12-30T17:12:01,22.3,39.7
,2021-12-30T17:13:02,22.3,39.8
,2021-12-30T17:14:05,22.3,39.7
,2021-12-30T17:15:22,22.3,39.7
,2021-12-30T17:16:02,22.3,39.7
,2021-12-30T17:17:02,22.3,39.7
,2021-12-30T17:18:02,22.3,39.7
,2021-12-30T17:19:02,22.3,39.8
,2021-12-30T17:20:24,22.3,39.8
,2021-12-30T17:21:02,22.3,39.8
,2021-12-30T17:22:01,22.3,39.8
,2021-12-30T17:23:10,22.3,39.8
,2021-12-30T17:24:02,22.3,39.8
,2021-12-30T17:25:04,22.3,39.8
,2021-12-30T17:26:02,22.3,39.7
,2021-12-30T17:27:04,22.3,39.8
,2021-12-30T17:28:02,22.3,39.8
,2021-12-30T17:29:02,22.3,39.9
,2021-12-30T17:30:04,22.3,40.0
,2021-12-30T17:31:02,22.3,40.0
,2021-12-30T17:32:02,22.3,39.9
,2021-12-30T17:33:02,22.3,39.9
,2021-12-30T17:34:02,22.3,39.9
,2021-12-30T17:35:02,22.3,39.9
,2021-12-30T17:36:02,22.3,39.9
,2021-12-30T17:37:01,22.3,39.9
,2021-12-30T17:38:02,22.3,39.8
,2021-12-30T17:39:02,22.3,39.9
,2021-12-30T17:40:04,22.4,39.9
,2021-12-30T17:41:02,22.3,39.8
,2021-12-30T17:42:05,22.4,40.0
,2021-12-30T17:43:02,22.3,39.9
,2021-12-30T17:44:02,22.3,39.9
,2021-12-30T17:45:09,22.3,40.0
,2021-12-30T17:46:02,22.3,40.0
,2021-12-30T17:47:02,22.3,39.9
,2021-12-30T17:48:04,22.3,40.0
,2021-12-30T17:49:02,22.3,40.0
,2021-12-30T17:50:02,22.3,40.0
,2021-12-30T17:51:05,22.3,40.0
,2021-12-30T17:52:02,22.3,40.0
,2021-12-30T17:53:02,22.3,40.0
,2021-12-30T17:54:02,22.3,40.0
,2021-12-30T17:55:19,22.4,40.0
,2021-12-30T17:56:02,22.3,40.0
,2021-12-30T17:57:02,22.4,40.0
,2021-12-30T17:58:02,22.4,40.0
,2021-12-30T17:59:02,22.4,40.0
,2021-12-30T18:00:04,22.4,40.0
,2021-12-30T18:01:05,22.4,40.0
,2021-12-30T18:02:02,22.3,40.0
,2021-12-30T18:03:01,22.4,40.0
,2021-12-30T18:04:04,22.3,40.0
,2021-12-30T18:05:04,22.4,40.0
,2021-12-30T18:06:07,22.3,40.1
,2021-12-30T18:07:02,22.3,40.1
,2021-12-30T18:08:02,22.4,40.1
,2021-12-30T18:09:02,22.4,40.1
,2021-12-30T18:10:04,22.4,40.1
,2021-12-30T18:11:02,22.4,40.1
,2021-12-30T18:12:02,22.4,40.1
,2021-12-30T18:13:02,22.4,40.1
,2021-12-30T18:14:04,22.4,40.2
,2021-12-30T18:15:10,22.3,40.0
,2021-12-30T18:16:01,22.4,40.0
,2021-12-30T18:17:02,22.3,40.0
,2021-12-30T18:18:02,22.3,40.0
,2021-12-30T18:19:02,22.3,40.1
,2021-12-30T18:20:20,22.3,40.0
,2021-12-30T18:21:01,22.4,40.0
,2021-12-30T18:22:02,22.4,40.1
,2021-12-30T18:23:02,22.4,40.1
,2021-12-30T18:24:02,22.4,40.1
,2021-12-30T18:25:12,22.3,40.2
,2021-12-30T18:26:02,22.4,40.2
,2021-12-30T18:27:02,22.4,40.2
,2021-12-30T18:28:02,22.4,40.3
,2021-12-30T18:29:02,22.4,40.2
,2021-12-30T18:30:04,22.3,40.3
,2021-12-30T18:31:02,22.4,40.3
,2021-12-30T18:32:02,22.4,40.3
,2021-12-30T18:33:02,22.4,40.3
,2021-12-30T18:34:01,22.4,40.2
,2021-12-30T18:35:01,,
,2021-12-30T18:36:02,22.4,40.2
,2021-12-30T18:37:07,22.3,40.3
,2021-12-30T18:38:05,22.3,40.3
,2021-12-30T18:39:02,22.3,40.3
,2021-12-30T18:40:11,22.3,40.4
,2021-12-30T18:41:04,22.3,40.4
,2021-12-30T18:42:02,22.3,40.4
,2021-12-30T18:43:07,22.3,40.5
,2021-12-30T18:44:02,22.3,40.5
,2021-12-30T18:45:19,22.3,40.3
,2021-12-30T18:46:02,22.3,40.3
,2021-12-30T18:47:02,22.3,40.3
,2021-12-30T18:48:04,22.4,40.4
,2021-12-30T18:49:05,22.4,40.4
,2021-12-30T18:50:14,22.4,40.4
,2021-12-30T18:51:02,22.4,40.4
,2021-12-30T18:52:01,22.4,40.4
,2021-12-30T18:53:05,22.4,40.7
,2021-12-30T18:54:01,22.4,40.3
,2021-12-30T18:55:06,22.4,40.3
,2021-12-30T18:56:05,22.4,40.3
,2021-12-30T18:57:01,22.4,40.3
,2021-12-30T18:58:02,22.4,40.3
,2021-12-30T18:59:05,22.4,40.3
,2021-12-30T19:00:04,22.4,40.4
,2021-12-30T19:01:05,22.4,40.3
,2021-12-30T19:02:02,22.4,40.3
,2021-12-30T19:03:05,22.4,40.3
,2021-12-30T19:04:01,22.5,40.3
,2021-12-30T19:05:04,22.5,40.4
,2021-12-30T19:06:02,22.4,40.3
,2021-12-30T19:07:02,22.4,40.3
,2021-12-30T19:08:02,22.4,40.3
,2021-12-30T19:09:07,22.4,40.3
,2021-12-30T19:10:04,22.5,40.4
,2021-12-30T19:11:07,22.4,40.3
,2021-12-30T19:12:01,22.5,40.3
,2021-12-30T19:13:01,22.5,40.3
,2021-12-30T19:14:05,22.5,40.3
,2021-12-30T19:15:04,22.5,40.4
,2021-12-30T19:16:02,22.5,40.0
,2021-12-30T19:17:05,22.5,40.4
,2021-12-30T19:18:07,22.4,40.4
,2021-12-30T19:19:01,22.5,40.4
,2021-12-30T19:20:05,22.5,40.4
,2021-12-30T19:21:02,22.5,40.5
,2021-12-30T19:22:02,22.5,40.4
,2021-12-30T19:23:07,22.5,40.5
,2021-12-30T19:24:02,22.5,40.5
,2021-12-30T19:25:14,22.5,40.5
,2021-12-30T19:26:02,22.5,40.5
,2021-12-30T19:27:02,22.5,40.5
,2021-12-30T19:28:02,22.5,40.5
,2021-12-30T19:29:02,22.5,40.5
,2021-12-30T19:30:07,22.5,40.7
,2021-12-30T19:31:02,22.5,40.7
,2021-12-30T19:32:05,22.5,40.6
,2021-12-30T19:33:04,22.5,40.7
,2021-12-30T19:34:07,22.5,40.8
,2021-12-30T19:35:05,22.5,40.8
,2021-12-30T19:36:01,22.5,40.8
,2021-12-30T19:37:05,22.5,40.8
,2021-12-30T19:38:02,22.5,40.8
,2021-12-30T19:39:02,22.5,40.9
,2021-12-30T19:40:04,22.5,41.1
,2021-12-30T19:41:07,22.5,41.0
,2021-12-30T19:42:01,22.5,41.0
,2021-12-30T19:43:07,22.4,40.9
,2021-12-30T19:44:05,22.4,40.9
,2021-12-30T19:45:09,22.5,40.9
,2021-12-30T19:46:02,22.5,41.3
,2021-12-30T19:47:02,22.5,41.0
,2021-12-30T19:48:02,22.5,41.2
,2021-12-30T19:49:01,22.5,41.0
,2021-12-30T19:50:02,22.5,41.1
,2021-12-30T19:51:01,22.6,41.2
,2021-12-30T19:52:02,22.5,41.1
,2021-12-30T19:53:02,22.6,41.0
,2021-12-30T19:54:02,22.5,41.0
,2021-12-30T19:55:22,22.5,41.0
,2021-12-30T19:56:07,22.5,41.0
,2021-12-30T19:57:05,22.6,41.1
,2021-12-30T19:58:01,22.6,41.1
,2021-12-30T19:59:01,22.6,41.0
,2021-12-30T20:00:02,22.6,41.1
,2021-12-30T20:01:01,22.6,41.2
,2021-12-30T20:02:01,22.6,41.1
,2021-12-30T20:03:05,22.6,41.1
,2021-12-30T20:04:02,22.5,41.0
,2021-12-30T20:05:09,22.5,41.0
,2021-12-30T20:06:10,22.5,41.1
,2021-12-30T20:07:01,22.5,41.1
,2021-12-30T20:08:02,22.6,41.1
,2021-12-30T20:09:02,22.6,41.2
,2021-12-30T20:10:20,22.6,41.1
,2021-12-30T20:11:04,22.6,41.1
,2021-12-30T20:12:02,22.6,41.1
,2021-12-30T20:13:02,22.6,41.2
,2021-12-30T20:14:02,22.6,41.2
,2021-12-30T20:15:04,22.6,41.2
,2021-12-30T20:16:02,22.6,41.2
,2021-12-30T20:17:02,22.6,41.1
,2021-12-30T20:18:02,22.6,41.0
,2021-12-30T20:19:02,22.6,41.1
,2021-12-30T20:20:22,22.6,41.2
,2021-12-30T20:21:04,22.6,41.2
,2021-12-30T20:22:02,22.6,41.2
,2021-12-30T20:23:07,22.6,41.2
,2021-12-30T20:24:02,22.6,41.2
,2021-12-30T20:25:02,22.7,41.2
,2021-12-30T20:26:04,22.6,41.2
,2021-12-30T20:27:01,22.6,41.2
,2021-12-30T20:28:02,22.6,41.2
,2021-12-30T20:29:02,22.6,41.2
,2021-12-30T20:30:15,22.5,41.2
,2021-12-30T20:31:01,22.6,41.3
,2021-12-30T20:32:02,22.6,41.2
,2021-12-30T20:33:02,22.6,41.2
,2021-12-30T20:34:02,22.6,41.2
,2021-12-30T20:35:02,,
,2021-12-30T20:36:02,22.6,41.3
,2021-12-30T20:37:02,22.6,41.2
,2021-12-30T20:38:02,22.7,41.3
,2021-12-30T20:39:02,22.6,41.3
,2021-12-30T20:40:17,22.6,41.3
,2021-12-30T20:41:01,22.6,41.3
,2021-12-30T20:42:01,22.7,41.6
,2021-12-30T20:43:01,22.6,41.4
,2021-12-30T20:44:02,22.5,41.3
,2021-12-30T20:45:02,,
,2021-12-30T20:46:02,22.7,41.6
,2021-12-30T20:47:02,22.6,41.6
,2021-12-30T20:48:02,22.6,41.6
,2021-12-30T20:49:02,22.6,41.6
,2021-12-30T20:50:19,22.6,41.7
,2021-12-30T20:51:02,22.6,41.7
,2021-12-30T20:52:02,22.7,41.7
,2021-12-30T20:53:05,22.7,41.7
,2021-12-30T20:54:02,22.6,41.7
,2021-12-30T20:55:09,22.5,41.8
,2021-12-30T20:56:02,22.6,41.8
,2021-12-30T20:57:05,22.6,41.7
,2021-12-30T20:58:01,22.6,41.8
,2021-12-30T20:59:06,22.6,41.7
,2021-12-30T21:00:05,22.6,41.8
,2021-12-30T21:01:02,22.7,41.8
,2021-12-30T21:02:02,22.6,41.9
,2021-12-30T21:03:02,22.6,41.8
,2021-12-30T21:04:04,22.7,42.0
,2021-12-30T21:05:10,22.6,42.1
,2021-12-30T21:06:02,22.7,42.2
,2021-12-30T21:07:02,22.6,42.0
,2021-12-30T21:08:01,22.6,42.1
,2021-12-30T21:09:02,22.7,42.2
,2021-12-30T21:10:20,22.7,42.3
,2021-12-30T21:11:02,22.6,42.2
,2021-12-30T21:12:02,22.7,42.3
,2021-12-30T21:13:02,22.6,42.3
,2021-12-30T21:14:04,22.6,42.5
,2021-12-30T21:15:05,22.6,42.6
,2021-12-30T21:16:01,22.6,42.7
,2021-12-30T21:17:05,22.5,42.8
,2021-12-30T21:18:02,22.7,42.9
,2021-12-30T21:19:01,22.7,43.0
,2021-12-30T21:20:15,22.6,43.2
,2021-12-30T21:21:04,22.7,43.4
,2021-12-30T21:22:01,22.7,43.5
,2021-12-30T21:23:07,22.6,43.8
,2021-12-30T21:24:02,22.7,44.0
,2021-12-30T21:25:07,22.5,43.3
,2021-12-30T21:26:02,22.7,43.3
,2021-12-30T21:27:02,22.7,43.4
,2021-12-30T21:28:02,,43.2
,2021-12-30T21:29:02,22.7,43.1
,2021-12-30T21:30:07,,43.4
,2021-12-30T21:31:09,22.6,43.5
,2021-12-30T21:32:02,22.7,43.5
,2021-12-30T21:33:15,22.6,43.8
,2021-12-30T21:34:02,22.7,44.1
,2021-12-30T21:35:19,22.7,
,2021-12-30T21:36:05,22.7,
,2021-12-30T21:37:02,22.6,
,2021-12-30T21:38:02,22.7,
,2021-12-30T21:39:02,22.6,
,2021-12-30T21:40:17,22.8,
,2021-12-30T21:41:04,22.7,
,2021-12-30T21:42:02,22.8,
,2021-12-30T21:43:04,22.6,
,2021-12-30T21:44:01,22.7,
,2021-12-30T21:45:05,22.7,
,2021-12-30T21:46:01,22.8,
,2021-12-30T21:47:02,22.6,
,2021-12-30T21:48:02,22.7,
,2021-12-30T21:49:07,22.7,
,2021-12-30T21:50:04,22.6,
,2021-12-30T21:51:02,22.7,
,2021-12-30T21:52:01,22.7,
,2021-12-30T21:53:01,22.7,
,2021-12-30T21:54:02,22.7,
,2021-12-30T21:55:22,22.8,43.0
,2021-12-30T21:56:07,22.8,42.8
,2021-12-30T21:57:02,22.7,42.7
,2021-12-30T21:58:01,22.8,42.7
,2021-12-30T21:59:07,22.7,42.7
,2021-12-30T22:00:20,22.7,42.7
,2021-12-30T22:01:09,22.8,42.8
,2021-12-30T22:02:02,22.8,42.7
,2021-12-30T22:03:02,22.8,42.7
,2021-12-30T22:04:02,22.7,42.7
,2021-12-30T22:05:09,22.7,42.8
,2021-12-30T22:06:05,22.8,42.9
,2021-12-30T22:07:17,22.8,42.9
,2021-12-30T22:08:02,22.8,42.9
,2021-12-30T22:09:02,22.8,42.8
,2021-12-30T22:10:17,22.8,42.6
,2021-12-30T22:11:02,22.7,42.5
,2021-12-30T22:12:01,22.8,42.5
,2021-12-30T22:13:01,22.8,42.5
,2021-12-30T22:14:02,22.7,42.5
,2021-12-30T22:15:20,22.7,42.4
,2021-12-30T22:16:02,22.7,42.4
,2021-12-30T22:17:02,22.7,42.4
,2021-12-30T22:18:05,22.8,42.4
,2021-12-30T22:19:02,22.7,42.4
,2021-12-30T22:20:19,22.7,42.4
,2021-12-30T22:21:15,22.7,42.4
,2021-12-30T22:22:14,22.7,
,2021-12-30T22:23:01,22.7,
,2021-12-30T22:24:02,22.8,42.5
,2021-12-30T22:25:11,,
,2021-12-30T22:26:04,22.7,42.6
,2021-12-30T22:27:10,22.7,42.7
,2021-12-30T22:28:14,22.8,42.7
,2021-12-30T22:29:07,22.8,42.6
,2021-12-30T22:30:23,22.8,42.6
,2021-12-30T22:31:02,,42.6
,2021-12-30T22:32:05,22.8,42.7
,2021-12-30T22:33:04,22.8,43.0
,2021-12-30T22:34:05,22.8,42.9
,2021-12-30T22:35:02,22.8,42.8
,2021-12-30T22:36:04,,42.8
,2021-12-30T22:37:47,22.8,42.8
,2021-12-30T22:38:12,22.8,42.9
,2021-12-30T22:41:14,22.8,42.9
,2021-12-30T22:41:17,22.8,42.8
,2021-12-30T22:41:19,22.9,42.8
,2021-12-30T22:42:12,22.8,42.7
,2021-12-30T22:43:16,22.9,42.7
,2021-12-30T22:44:07,22.9,42.7
,2021-12-30T22:45:11,22.8,42.7
,2021-12-30T22:46:04,22.8,42.7
,2021-12-30T22:47:08,22.8,42.7
,2021-12-30T22:51:07,22.9,
,2021-12-30T22:51:22,22.9,42.7
,2021-12-30T22:51:22,22.9,42.7
,2021-12-30T22:51:29,22.8,42.6
,2021-12-30T22:52:52,22.8,42.7
,2021-12-30T22:53:01,22.9,42.7
,2021-12-30T22:54:08,22.9,42.7
,2021-12-30T22:55:12,22.9,42.6
,2021-12-30T22:56:09,22.9,42.7
,2021-12-30T22:57:02,22.9,42.7
,2021-12-30T22:58:01,22.9,42.6
,2021-12-30T22:59:02,22.9,42.7
,2021-12-30T23:00:20,22.9,42.7
,2021-12-30T23:01:02,22.9,42.7
,2021-12-30T23:02:05,22.9,42.6
,2021-12-30T23:03:02,22.9,42.6
,2021-12-30T23:04:23,22.9,42.7
,2021-12-30T23:05:07,22.9,42.6
,2021-12-30T23:06:02,22.9,42.7
,2021-12-30T23:07:01,22.9,42.7
,2021-12-30T23:08:02,22.9,42.7
,2021-12-30T23:09:02,22.9,42.7
,2021-12-30T23:10:07,22.9,42.7
,2021-12-30T23:11:02,22.9,42.7
,2021-12-30T23:12:07,22.9,42.7
,2021-12-30T23:13:02,22.9,42.7
,2021-12-30T23:14:02,22.9,42.8
,2021-12-30T23:15:02,22.9,42.8
,2021-12-30T23:16:04,22.9,42.7
,2021-12-30T23:17:02,22.9,42.7
,2021-12-30T23:18:02,22.9,42.7
,2021-12-30T23:19:07,22.9,42.7
,2021-12-30T23:20:06,22.9,42.6
,2021-12-30T23:21:01,22.9,42.6
,2021-12-30T23:22:01,22.9,42.6
,2021-12-30T23:23:02,22.9,42.6
,2021-12-30T23:24:02,22.9,42.6
,2021-12-30T23:25:02,22.9,42.6
,2021-12-30T23:26:02,22.9,42.6
,2021-12-30T23:27:04,22.9,42.6
,2021-12-30T23:28:02,22.9,42.6
,2021-12-30T23:29:02,22.9,42.6
,2021-12-30T23:30:19,22.9,42.6
,2021-12-30T23:31:07,22.9,42.6
,2021-12-30T23:32:04,22.9,42.6
,2021-12-30T23:33:02,22.9,42.6
,2021-12-30T23:34:02,22.9,42.6
,2021-12-30T23:35:02,22.9,42.7
,2021-12-30T23:36:02,22.9,42.7
,2021-12-30T23:37:02,22.9,42.6
,2021-12-30T23:38:01,22.9,42.7
,2021-12-30T23:39:32,22.9,42.7
,2021-12-30T23:40:42,22.9,42.7
,2021-12-30T23:41:17,22.9,42.6
,2021-12-30T23:42:15,22.9,42.7
,2021-12-30T23:43:04,22.9,42.9
,2021-12-30T23:44:06,22.9,42.8
,2021-12-30T23:45:13,22.9,42.8
,2021-12-30T23:46:02,22.9,42.8
,2021-12-30T23:47:02,22.9,42.7
,2021-12-30T23:48:02,22.9,42.7
,2021-12-30T23:49:04,22.9,42.8
,2021-12-30T23:50:12,22.9,43.0
,2021-12-30T23:51:02,22.9,42.8
,2021-12-30T23:52:01,22.9,42.9
,2021-12-30T23:53:05,22.9,42.9
,2021-12-30T23:54:02,22.9,42.9
,2021-12-30T23:55:02,22.9,42.7
,2021-12-30T23:56:04,22.9,42.7
,2021-12-30T23:57:07,22.9,42.7
,2021-12-30T23:58:02,22.9,42.7
,2021-12-30T23:59:02,22.9,42.7
,2021-12-31T00:00:02,22.9,42.7
,2021-12-31T00:01:02,22.9,42.7
,2021-12-31T00:02:02,22.9,42.7
,2021-12-31T00:03:02,22.9,42.6
,2021-12-31T00:04:02,22.9,42.6
,2021-12-31T00:05:12,22.9,42.6
,2021-12-31T00:06:02,22.9,42.6
,2021-12-31T00:07:01,22.9,42.5
,2021-12-31T00:08:02,22.9,42.6
,2021-12-31T00:09:02,22.9,42.6
,2021-12-31T00:10:09,22.9,42.6
,2021-12-31T00:11:01,22.9,42.7
,2021-12-31T00:12:02,22.9,42.6
,2021-12-31T00:13:07,22.9,42.6
,2021-12-31T00:14:02,22.9,42.6
,2021-12-31T00:15:09,22.9,42.6
,2021-12-31T00:16:01,22.9,42.6
,2021-12-31T00:17:02,23.0,42.7
,2021-12-31T00:18:02,23.0,42.6
,2021-12-31T00:19:04,23.0,42.6
,2021-12-31T00:20:05,23.0,42.7
,2021-12-31T00:21:02,22.9,42.6
,2021-12-31T00:22:02,23.0,42.6
,2021-12-31T00:23:02,23.0,42.6
,2021-12-31T00:24:01,23.0,42.7
,2021-12-31T00:25:05,22.9,42.6
,2021-12-31T00:26:02,23.0,42.6
,2021-12-31T00:27:02,23.0,42.7
,2021-12-31T00:28:05,22.9,42.6
,2021-12-31T00:29:04,23.0,42.7
,2021-12-31T00:30:15,23.0,42.7
,2021-12-31T00:31:01,23.0,42.7
,2021-12-31T00:32:01,23.0,42.7
,2021-12-31T00:32:18,22.9,42.6
,2021-12-31T00:33:02,23.0,42.7
,2021-12-31T00:34:05,22.9,42.7
,2021-12-31T00:35:19,22.9,42.7
,2021-12-31T00:36:02,22.9,42.7
,2021-12-31T00:36:14,22.9,42.7
,2021-12-31T00:36:53,22.9,42.7
,2021-12-31T00:37:02,22.9,42.7
,2021-12-31T00:38:09,22.9,42.8
,2021-12-31T00:39:02,22.9,42.8
,2021-12-31T00:40:12,22.9,42.9
,2021-12-31T00:41:05,22.9,42.8
,2021-12-31T00:42:04,22.9,42.8
,2021-12-31T00:43:02,22.9,42.8
,2021-12-31T00:44:02,22.9,42.8
,2021-12-31T00:45:02,22.9,42.8
,2021-12-31T00:46:01,22.9,42.8
,2021-12-31T00:47:01,22.9,42.7
,2021-12-31T00:48:02,22.9,42.7
,2021-12-31T00:49:05,22.9,42.7
,2021-12-31T00:50:24,22.9,42.7
,2021-12-31T00:51:05,23.0,42.7
,2021-12-31T00:53:02,23.0,42.7
,2021-12-31T00:54:02,23.0,42.8
,2021-12-31T00:55:04,23.0,42.7
,2021-12-31T00:56:04,23.0,42.7
,2021-12-31T00:57:04,23.0,42.7
,2021-12-31T00:58:04,22.9,42.7
,2021-12-31T00:59:15,23.0,42.7
,2021-12-31T01:00:07,23.0,42.7
,2021-12-31T01:01:19,23.0,42.7
,2021-12-31T01:02:04,23.0,42.8
,2021-12-31T01:03:02,23.0,42.8
,2021-12-31T01:04:02,23.0,42.8
,2021-12-31T01:05:02,23.0,42.8
,2021-12-31T01:06:10,23.0,42.8
,2021-12-31T01:07:07,23.0,42.9
,2021-12-31T01:08:01,23.0,42.9
,2021-12-31T01:09:02,23.0,42.9
,2021-12-31T01:10:25,22.9,42.8
,2021-12-31T01:11:02,22.9,42.8
,2021-12-31T01:12:02,23.0,43.0
,2021-12-31T01:13:02,22.9,42.9
,2021-12-31T01:14:02,23.0,43.0
,2021-12-31T01:15:19,22.9,43.0
,2021-12-31T01:16:02,22.9,43.0
,2021-12-31T01:17:04,22.9,43.0
,2021-12-31T01:18:02,23.0,43.0
,2021-12-31T01:19:14,22.9,42.9
,2021-12-31T01:20:20,22.9,42.9
,2021-12-31T01:21:02,22.9,42.9
,2021-12-31T01:22:05,22.9,42.9
,2021-12-31T01:23:02,22.9,43.0
,2021-12-31T01:24:02,22.9,43.0
,2021-12-31T01:25:12,22.9,43.0
,2021-12-31T01:26:01,22.9,42.9
,2021-12-31T01:27:01,22.9,43.0
,2021-12-31T01:28:02,22.9,43.0
,2021-12-31T01:29:02,22.9,43.0
,2021-12-31T01:30:12,22.9,42.9
,2021-12-31T01:31:02,22.9,42.9
,2021-12-31T01:32:01,22.9,43.0
,2021-12-31T01:33:05,22.9,42.9
,2021-12-31T01:34:09,22.9,42.8
,2021-12-31T01:35:05,22.9,42.9
,2021-12-31T01:36:01,22.9,42.9
,2021-12-31T01:37:02,22.9,43.0
,2021-12-31T01:38:07,22.9,43.0
,2021-12-31T01:39:05,22.9,43.0
,2021-12-31T01:40:14,22.9,42.8
,2021-12-31T01:41:02,22.9,42.9
,2021-12-31T01:42:02,22.9,42.9
,2021-12-31T01:43:12,22.9,42.9
,2021-12-31T01:44:01,22.9,42.9
,2021-12-31T01:45:01,22.9,42.9
,2021-12-31T01:46:01,22.9,42.9
,2021-12-31T01:47:01,22.9,42.9
,2021-12-31T01:48:02,22.9,42.9
,2021-12-31T01:49:05,22.9,42.9
,2021-12-31T01:50:24,22.9,42.9
,2021-12-31T01:51:02,22.9,42.8
,2021-12-31T01:52:02,22.9,42.8
,2021-12-31T01:53:02,22.9,42.8
,2021-12-31T01:54:07,22.9,42.9
,2021-12-31T01:55:07,22.9,42.9
,2021-12-31T01:56:02,22.9,42.8
,2021-12-31T01:57:02,22.9,42.9
,2021-12-31T01:58:02,22.9,42.9
,2021-12-31T01:59:01,22.9,42.9
,2021-12-31T02:00:19,22.9,43.0
,2021-12-31T02:01:02,22.9,43.0
,2021-12-31T02:02:01,22.9,43.0
,2021-12-31T02:03:02,22.9,43.0
,2021-12-31T02:04:05,22.9,43.0
,2021-12-31T02:05:02,22.9,43.0
,2021-12-31T02:06:02,22.9,43.0
,2021-12-31T02:07:02,22.9,43.0
,2021-12-31T02:08:02,22.9,43.0
,2021-12-31T02:09:02,22.9,43.0
,2021-12-31T02:10:22,22.9,43.0
,2021-12-31T02:11:07,22.9,43.0
,2021-12-31T02:12:02,22.9,43.0
,2021-12-31T02:13:04,22.9,43.1
,2021-12-31T02:14:04,22.9,43.1
,2021-12-31T02:15:47,22.9,43.0
,2021-12-31T02:16:02,22.9,43.0
,2021-12-31T02:17:02,22.9,43.0
,2021-12-31T02:18:19,22.9,43.0
,2021-12-31T02:19:05,22.9,43.0
,2021-12-31T02:20:22,22.9,43.1
,2021-12-31T02:21:02,22.9,43.1
,2021-12-31T02:22:01,22.9,43.0
,2021-12-31T02:23:10,22.9,43.0
,2021-12-31T02:24:02,22.9,43.0
,2021-12-31T02:25:50,22.9,43.0
,2021-12-31T02:26:02,23.0,
,2021-12-31T02:27:01,23.0,
,2021-12-31T02:28:17,22.9,
,2021-12-31T02:29:02,23.0,43.1
,2021-12-31T02:30:03,23.0,43.1
,2021-12-31T02:31:03,23.0,43.1
,2021-12-31T02:32:02,23.0,
,2021-12-31T02:33:09,23.0,
,2021-12-31T02:36:18,23.0,43.3
,2021-12-31T02:37:01,23.0,43.3
,2021-12-31T02:38:14,23.0,43.3
,2021-12-31T02:39:05,23.0,43.2
,2021-12-31T02:40:12,23.0,43.2
,2021-12-31T02:41:04,23.0,43.2
,2021-12-31T02:42:04,23.0,43.3
,2021-12-31T02:43:02,23.0,43.3
,2021-12-31T02:44:02,23.0,43.3
,2021-12-31T02:45:09,23.0,43.3
,2021-12-31T02:46:02,23.0,43.3
,2021-12-31T02:47:02,23.0,43.3
,2021-12-31T02:48:02,23.0,43.3
,2021-12-31T02:49:02,23.0,43.4
,2021-12-31T02:50:04,23.0,43.3
,2021-12-31T02:51:01,23.0,43.3
,2021-12-31T02:52:02,23.0,43.4
,2021-12-31T02:53:02,23.0,43.4
,2021-12-31T02:54:02,23.0,43.4
,2021-12-31T02:55:07,23.0,43.4
,2021-12-31T02:56:01,23.0,43.4
,2021-12-31T02:57:01,23.0,43.9
,2021-12-31T02:58:02,23.0,43.4
,2021-12-31T02:59:02,23.0,43.4
,2021-12-31T03:00:07,22.9,43.4
,2021-12-31T03:01:02,22.9,43.4
,2021-12-31T03:02:04,22.9,43.4
,2021-12-31T03:03:02,22.9,43.4
,2021-12-31T03:04:01,22.9,43.4
,2021-12-31T03:05:04,23.0,43.5
,2021-12-31T03:06:07,22.9,43.4
,2021-12-31T03:07:05,22.9,43.4
,2021-12-31T03:08:02,22.9,43.4
,2021-12-31T03:09:04,22.9,43.5
,2021-12-31T03:10:02,22.9,43.4
,2021-12-31T03:11:01,22.9,43.4
,2021-12-31T03:12:02,22.9,43.5
,2021-12-31T03:13:02,22.9,43.4
,2021-12-31T03:14:04,22.9,43.5
,2021-12-31T03:15:07,22.9,43.5
,2021-12-31T03:16:02,22.9,43.5
,2021-12-31T03:17:02,22.9,43.6
,2021-12-31T03:18:04,22.9,43.5
,2021-12-31T03:19:02,22.9,43.5
,2021-12-31T03:20:02,22.9,43.5
,2021-12-31T03:21:10,22.9,43.5
,2021-12-31T03:22:01,22.9,43.5
,2021-12-31T03:23:02,22.9,43.5
,2021-12-31T03:24:02,22.9,43.6
,2021-12-31T03:25:12,22.9,43.6
,2021-12-31T03:26:07,22.9,43.6
,2021-12-31T03:27:02,22.9,43.6
,2021-12-31T03:28:02,22.9,43.6
,2021-12-31T03:29:01,22.9,43.6
,2021-12-31T03:30:05,22.9,43.6
,2021-12-31T03:31:07,22.9,43.6
,2021-12-31T03:32:02,22.9,43.6
,2021-12-31T03:33:04,22.9,43.6
,2021-12-31T03:34:02,22.9,43.6
,2021-12-31T03:35:17,22.9,43.6
,2021-12-31T03:36:02,22.9,43.6
,2021-12-31T03:37:02,22.9,43.6
,2021-12-31T03:38:02,22.9,43.6
,2021-12-31T03:39:04,22.9,43.6
,2021-12-31T03:40:05,22.9,43.7
,2021-12-31T03:41:02,22.9,43.7
,2021-12-31T03:42:04,22.9,43.6
,2021-12-31T03:43:02,22.9,43.6
,2021-12-31T03:44:02,22.9,43.6
,2021-12-31T03:45:02,22.9,43.6
,2021-12-31T03:46:07,22.9,43.6
,2021-12-31T03:47:02,22.9,43.6
,2021-12-31T03:48:02,22.9,43.6
,2021-12-31T03:49:01,22.9,43.7
,2021-12-31T03:50:05,22.9,43.6
,2021-12-31T03:51:02,22.9,43.6
,2021-12-31T03:52:02,22.9,43.7
,2021-12-31T03:53:02,22.9,43.7
,2021-12-31T03:54:02,22.9,43.7
,2021-12-31T03:55:12,22.9,43.7
,2021-12-31T03:56:04,22.9,43.7
,2021-12-31T03:57:02,22.9,43.7
,2021-12-31T03:58:02,22.9,43.7
,2021-12-31T03:59:02,22.9,43.7
,2021-12-31T04:00:09,22.9,43.6
,2021-12-31T04:01:02,22.9,43.6
,2021-12-31T04:02:01,22.9,43.6
,2021-12-31T04:03:01,22.9,43.6
,2021-12-31T04:04:02,22.9,43.6
,2021-12-31T04:05:07,22.9,43.6
,2021-12-31T04:06:02,22.9,43.6
,2021-12-31T04:07:01,22.9,43.6
,2021-12-31T04:08:01,22.9,43.6
,2021-12-31T04:09:07,22.9,43.6
,2021-12-31T04:10:05,22.9,43.7
,2021-12-31T04:11:07,22.9,43.6
,2021-12-31T04:12:04,22.9,43.6
,2021-12-31T04:13:02,23.0,43.6
,2021-12-31T04:14:02,23.0,43.6
,2021-12-31T04:15:14,23.0,43.7
,2021-12-31T04:16:02,23.0,43.7
,2021-12-31T04:17:04,23.0,43.6
,2021-12-31T04:18:02,23.0,43.6
,2021-12-31T04:19:02,23.0,43.7
,2021-12-31T04:20:12,23.0,43.6
,2021-12-31T04:21:07,23.0,43.6
,2021-12-31T04:22:02,23.0,43.7
,2021-12-31T04:23:01,23.0,43.8
,2021-12-31T04:24:02,23.0,43.7
,2021-12-31T04:25:05,23.0,43.7
,2021-12-31T04:26:02,22.9,43.7
,2021-12-31T04:27:02,23.0,43.7
,2021-12-31T04:28:09,23.0,43.7
,2021-12-31T04:29:02,22.9,43.6
,2021-12-31T04:30:07,23.0,43.7
,2021-12-31T04:31:04,23.0,43.7
,2021-12-31T04:32:02,22.9,43.7
,2021-12-31T04:33:02,22.9,43.7
,2021-12-31T04:34:02,22.9,43.7
,2021-12-31T04:35:07,23.0,43.7
,2021-12-31T04:36:09,22.9,43.7
,2021-12-31T04:37:02,23.0,43.7
,2021-12-31T04:38:02,22.9,43.7
,2021-12-31T04:39:02,22.9,43.7
,2021-12-31T04:40:09,22.9,43.7
,2021-12-31T04:41:02,22.9,43.7
,2021-12-31T04:42:02,22.9,43.7
,2021-12-31T04:43:02,22.9,43.7
,2021-12-31T04:44:02,22.9,43.7
,2021-12-31T04:45:12,22.9,43.7
,2021-12-31T04:46:02,22.9,43.6
,2021-12-31T04:47:02,22.9,43.6
,2021-12-31T04:48:02,22.9,43.6
,2021-12-31T04:49:02,22.9,43.7
,2021-12-31T04:50:04,22.9,43.7
,2021-12-31T04:51:05,22.9,43.6
,2021-12-31T04:52:02,22.9,43.6
,2021-12-31T04:53:06,22.9,43.6
,2021-12-31T04:54:04,22.9,43.6
,2021-12-31T04:55:07,22.9,43.6
,2021-12-31T04:56:09,22.9,43.6
,2021-12-31T04:57:02,22.9,43.6
,2021-12-31T04:58:07,22.9,43.6
,2021-12-31T04:59:02,22.9,43.6
,2021-12-31T05:00:04,22.9,43.6
,2021-12-31T05:01:04,23.0,43.7
,2021-12-31T05:02:02,22.9,43.6
,2021-12-31T05:03:02,22.9,43.6
,2021-12-31T05:04:02,22.9,43.6
,2021-12-31T05:05:07,23.0,43.6
,2021-12-31T05:06:04,23.0,43.6
,2021-12-31T05:07:02,22.9,43.6
,2021-12-31T05:08:01,23.0,43.6
,2021-12-31T05:09:02,23.0,43.6
,2021-12-31T05:10:05,23.0,43.7
,2021-12-31T05:11:01,22.9,43.6
,2021-12-31T05:12:02,23.0,43.6
,2021-12-31T05:13:02,23.0,43.6
,2021-12-31T05:14:02,23.0,43.6
,2021-12-31T05:15:07,23.0,43.7
,2021-12-31T05:16:07,23.0,43.7
,2021-12-31T05:17:06,23.0,43.6
,2021-12-31T05:18:04,23.0,43.6
,2021-12-31T05:19:02,23.0,43.6
,2021-12-31T05:20:12,23.0,43.7
,2021-12-31T05:21:04,23.0,43.6
,2021-12-31T05:22:02,23.0,43.6
,2021-12-31T05:23:01,23.0,43.6
,2021-12-31T05:24:01,23.0,43.6
,2021-12-31T05:25:05,23.0,43.6
,2021-12-31T05:26:04,23.0,43.6
,2021-12-31T05:27:02,23.0,43.6
,2021-12-31T05:28:02,23.0,43.6
,2021-12-31T05:29:02,23.0,43.6
,2021-12-31T05:30:04,23.0,43.6
,2021-12-31T05:31:02,23.0,43.6
,2021-12-31T05:32:02,23.0,43.6
,2021-12-31T05:33:02,23.0,43.6
,2021-12-31T05:34:01,23.0,43.6
,2021-12-31T05:35:05,23.0,43.7
,2021-12-31T05:36:04,23.0,43.6
,2021-12-31T05:37:02,23.0,43.6
,2021-12-31T05:38:02,23.0,43.5
,2021-12-31T05:39:02,23.0,43.7
,2021-12-31T05:40:04,23.1,43.6
,2021-12-31T05:41:02,23.0,43.5
,2021-12-31T05:42:02,23.0,43.5
,2021-12-31T05:43:02,23.0,43.6
,2021-12-31T05:44:02,23.1,43.6
,2021-12-31T05:45:22,23.0,43.3
,2021-12-31T05:46:02,23.1,43.5
,2021-12-31T05:47:02,23.1,43.5
,2021-12-31T05:48:04,23.1,43.5
,2021-12-31T05:49:02,23.0,43.4
,2021-12-31T05:50:17,23.1,43.5
,2021-12-31T05:51:05,23.1,43.4
,2021-12-31T05:52:04,23.1,43.4
,2021-12-31T05:53:07,23.1,43.5
,2021-12-31T05:54:02,23.1,43.5
,2021-12-31T05:55:04,23.1,43.6
,2021-12-31T05:56:02,23.1,43.5
,2021-12-31T05:57:02,23.1,43.5
,2021-12-31T05:58:02,23.1,43.4
,2021-12-31T05:59:02,23.1,43.5
,2021-12-31T06:00:02,23.1,43.4
,2021-12-31T06:01:02,23.1,43.5
,2021-12-31T06:02:02,23.1,43.5
,2021-12-31T06:03:04,23.1,43.5
,2021-12-31T06:04:02,23.1,43.5
,2021-12-31T06:05:05,23.1,43.5
,2021-12-31T06:06:02,23.1,43.5
,2021-12-31T06:07:02,23.1,43.5
,2021-12-31T06:08:02,23.1,43.5
,2021-12-31T06:09:04,23.1,43.5
,2021-12-31T06:10:02,23.1,
,2021-12-31T06:11:09,23.1,43.5
,2021-12-31T06:12:02,23.1,43.5
,2021-12-31T06:13:09,23.1,43.5
,2021-12-31T06:14:04,23.1,43.5
,2021-12-31T06:15:17,23.1,43.5
,2021-12-31T06:16:02,23.1,43.5
,2021-12-31T06:17:06,23.1,43.5
,2021-12-31T06:18:02,23.1,43.5
,2021-12-31T06:19:02,23.1,43.6
,2021-12-31T06:20:02,23.1,43.5
,2021-12-31T06:21:05,23.1,43.6
,2021-12-31T06:22:01,23.1,43.6
,2021-12-31T06:23:01,23.1,43.7
,2021-12-31T06:24:02,23.1,43.8
,2021-12-31T06:25:20,23.1,43.7
,2021-12-31T06:26:01,23.1,43.6
,2021-12-31T06:27:02,23.1,43.7
,2021-12-31T06:28:02,23.1,43.7
,2021-12-31T06:29:02,23.1,43.7
,2021-12-31T06:30:04,23.1,43.7
,2021-12-31T06:31:07,23.1,43.7
,2021-12-31T06:32:02,23.1,43.8
,2021-12-31T06:33:04,23.1,43.7
,2021-12-31T06:34:02,23.1,43.7
,2021-12-31T06:35:12,23.1,43.7
,2021-12-31T06:36:02,23.0,43.7
,2021-12-31T06:37:02,23.1,43.7
,2021-12-31T06:38:10,23.1,43.7
,2021-12-31T06:39:06,23.1,43.7
,2021-12-31T06:40:01,23.1,43.7
,2021-12-31T06:41:02,23.1,43.7
,2021-12-31T06:42:05,23.1,43.7
,2021-12-31T06:43:04,23.1,43.7
,2021-12-31T06:44:02,23.1,43.7
,2021-12-31T06:45:04,23.1,43.6
,2021-12-31T06:46:07,23.1,43.7
,2021-12-31T06:47:02,23.1,43.6
,2021-12-31T06:48:02,23.0,43.6
,2021-12-31T06:49:04,23.1,43.6
,2021-12-31T06:50:05,23.1,43.6
,2021-12-31T06:51:04,23.1,43.7
,2021-12-31T06:52:02,23.1,43.7
,2021-12-31T06:53:02,23.1,43.7
,2021-12-31T06:54:01,23.1,43.7
,2021-12-31T06:55:02,23.1,
,2021-12-31T06:56:04,23.1,43.7
,2021-12-31T06:57:02,23.0,43.6
,2021-12-31T06:58:02,23.0,43.7
,2021-12-31T06:59:02,23.1,43.8
,2021-12-31T07:00:04,23.1,43.7
,2021-12-31T07:01:02,23.0,43.7
,2021-12-31T07:02:04,23.1,43.8
,2021-12-31T07:03:02,23.1,43.8
,2021-12-31T07:04:02,23.0,43.7
,2021-12-31T07:05:27,23.0,
,2021-12-31T07:06:07,23.1,43.7
,2021-12-31T07:07:02,23.1,43.7
,2021-12-31T07:08:01,23.1,43.8
,2021-12-31T07:09:04,23.1,43.8
,2021-12-31T07:10:02,23.0,43.7
,2021-12-31T07:11:09,23.0,43.7
,2021-12-31T07:12:02,23.1,43.7
,2021-12-31T07:13:02,23.0,43.7
,2021-12-31T07:14:02,23.1,43.7
,2021-12-31T07:15:04,23.1,43.8
,2021-12-31T07:16:05,23.1,43.8
,2021-12-31T07:17:04,23.1,43.8
,2021-12-31T07:18:02,23.1,43.8
,2021-12-31T07:19:07,23.1,43.8
,2021-12-31T07:20:04,23.1,43.8
,2021-12-31T07:21:01,23.1,43.8
,2021-12-31T07:22:02,23.1,43.8
,2021-12-31T07:23:02,23.1,43.8
,2021-12-31T07:24:01,23.1,43.8
,2021-12-31T07:25:09,23.1,43.8
,2021-12-31T07:26:02,23.1,43.8
,2021-12-31T07:27:01,23.1,43.8
,2021-12-31T07:28:02,23.1,43.8
,2021-12-31T07:29:02,23.1,43.8
,2021-12-31T07:30:02,23.2,43.8
,2021-12-31T07:31:02,23.2,43.8
,2021-12-31T07:32:02,23.2,43.8
,2021-12-31T07:33:01,23.2,43.8
,2021-12-31T07:34:07,23.2,43.8
,2021-12-31T07:35:05,23.2,43.7
,2021-12-31T07:36:04,23.2,43.7
,2021-12-31T07:37:01,23.2,43.7
,2021-12-31T07:38:02,23.2,43.8
,2021-12-31T07:39:05,23.2,43.8
,2021-12-31T07:40:01,23.1,43.7
,2021-12-31T07:41:02,23.2,43.8
,2021-12-31T07:42:07,23.1,43.7
,2021-12-31T07:43:02,23.1,43.7
,2021-12-31T07:44:04,23.2,43.8
,2021-12-31T07:45:02,23.2,43.7
,2021-12-31T07:46:06,23.1,43.7
,2021-12-31T07:47:01,23.1,43.7
,2021-12-31T07:48:02,23.2,43.7
,2021-12-31T07:49:05,23.1,43.7
,2021-12-31T07:50:04,23.1,43.7
,2021-12-31T07:51:02,23.1,43.7
,2021-12-31T07:52:02,23.1,43.7
,2021-12-31T07:53:02,23.1,43.7
,2021-12-31T07:54:04,23.1,43.7
,2021-12-31T07:55:12,23.1,43.7
,2021-12-31T07:56:02,23.1,43.7
,2021-12-31T07:57:05,23.1,43.7
,2021-12-31T07:58:01,23.1,43.7
,2021-12-31T07:59:07,23.1,43.7
,2021-12-31T08:00:02,23.1,43.7
,2021-12-31T08:01:04,23.1,43.8
,2021-12-31T08:02:02,23.1,43.8
,2021-12-31T08:03:02,23.1,43.8
,2021-12-31T08:04:02,23.1,43.8
,2021-12-31T08:05:14,23.1,43.8
,2021-12-31T08:06:02,23.1,43.8
,2021-12-31T08:07:12,23.1,43.8
,2021-12-31T08:08:02,23.1,43.8
,2021-12-31T08:09:02,23.1,43.8
,2021-12-31T08:10:04,23.1,43.8
,2021-12-31T08:11:04,23.1,43.8
,2021-12-31T08:12:02,23.1,43.8
,2021-12-31T08:13:04,23.1,43.8
,2021-12-31T08:14:01,23.1,43.8
,2021-12-31T08:15:05,23.1,43.8
,2021-12-31T08:16:09,23.1,43.7
,2021-12-31T08:17:02,23.1,43.7
,2021-12-31T08:18:02,23.1,43.7
,2021-12-31T08:19:02,23.1,43.7
,2021-12-31T08:20:06,23.1,43.7
,2021-12-31T08:21:02,23.1,43.7
,2021-12-31T08:22:02,23.1,43.8
,2021-12-31T08:23:02,23.1,43.8
,2021-12-31T08:24:02,23.1,43.7
,2021-12-31T08:25:04,23.1,43.8
,2021-12-31T08:26:02,23.1,43.8
,2021-12-31T08:27:07,23.1,43.8
,2021-12-31T08:28:01,23.1,43.9
,2021-12-31T08:29:02,23.1,44.0
,2021-12-31T08:30:05,23.1,44.0
,2021-12-31T08:31:04,23.1,44.0
,2021-12-31T08:32:02,23.1,
,2021-12-31T08:33:02,23.1,44.0
,2021-12-31T08:34:02,23.1,44.0
,2021-12-31T08:35:01,23.1,44.0
,2021-12-31T08:36:02,23.1,44.0
,2021-12-31T08:37:04,23.1,44.0
,2021-12-31T08:38:02,23.1,44.0
,2021-12-31T08:39:02,23.1,43.8
,2021-12-31T08:40:09,23.1,43.8
,2021-12-31T08:41:02,23.1,43.8
,2021-12-31T08:42:02,23.1,43.8
,2021-12-31T08:43:02,23.1,43.8
,2021-12-31T08:44:01,23.1,43.9
,2021-12-31T08:45:07,23.1,44.0
,2021-12-31T08:46:02,23.1,44.0
,2021-12-31T08:47:02,23.1,43.8
,2021-12-31T08:48:02,,43.8
,2021-12-31T08:49:06,,43.8
,2021-12-31T08:50:04,,43.8
,2021-12-31T08:51:04,,43.8
,2021-12-31T08:52:02,,43.8
,2021-12-31T08:53:02,,43.8
,2021-12-31T08:54:02,,43.7
,2021-12-31T08:55:04,,43.8
,2021-12-31T08:56:02,23.2,43.8
,2021-12-31T08:57:05,23.2,43.8
,2021-12-31T08:58:07,23.2,43.8
,2021-12-31T08:59:02,23.2,43.7
,2021-12-31T09:00:04,23.2,43.7
,2021-12-31T09:01:02,23.2,43.7
,2021-12-31T09:02:02,23.2,43.7
,2021-12-31T09:03:02,23.2,43.8
,2021-12-31T09:04:04,23.2,43.7
,2021-12-31T09:05:07,23.2,43.7
,2021-12-31T09:06:07,23.2,43.7
,2021-12-31T09:07:02,23.2,43.7
,2021-12-31T09:08:04,23.2,43.7
,2021-12-31T09:09:04,23.2,43.7
,2021-12-31T09:10:05,23.2,43.7
,2021-12-31T09:11:07,23.2,43.7
,2021-12-31T09:12:02,23.2,43.7
,2021-12-31T09:13:02,23.2,43.6
,2021-12-31T09:14:02,23.2,43.7
,2021-12-31T09:15:07,23.2,43.7
,2021-12-31T09:16:01,23.2,43.7
,2021-12-31T09:17:02,23.2,43.6
,2021-12-31T09:18:02,23.2,43.7
,2021-12-31T09:19:02,23.2,43.7
,2021-12-31T09:20:07,23.2,43.6
,2021-12-31T09:21:04,23.2,43.6
,2021-12-31T09:22:02,23.2,43.6
,2021-12-31T09:23:02,23.2,43.6
,2021-12-31T09:24:04,23.2,43.7
,2021-12-31T09:25:02,23.2,43.7
,2021-12-31T09:26:02,23.2,43.7
,2021-12-31T09:27:04,23.2,43.7
,2021-12-31T09:28:02,23.2,43.7
,2021-12-31T09:29:02,23.2,43.7
,2021-12-31T09:30:14,,43.6
,2021-12-31T09:31:02,23.2,43.6
,2021-12-31T09:32:04,23.2,43.7
,2021-12-31T09:33:04,23.2,43.6
,2021-12-31T09:34:02,23.1,43.6
,2021-12-31T09:35:15,23.1,43.6
,2021-12-31T09:36:07,23.2,44.1
,2021-12-31T09:37:01,23.2,43.6
,2021-12-31T09:38:02,23.1,43.6
,2021-12-31T09:39:02,23.2,43.7
,2021-12-31T09:40:20,23.2,43.8
,2021-12-31T09:41:09,23.2,43.8
,2021-12-31T09:42:02,23.2,43.8
,2021-12-31T09:43:02,23.2,43.8
,2021-12-31T09:44:04,23.2,43.8
,2021-12-31T09:45:10,23.2,43.9
,2021-12-31T09:46:04,23.2,43.8
,2021-12-31T09:47:04,23.2,43.8
,2021-12-31T09:48:04,23.2,43.8
,2021-12-31T09:49:02,23.2,43.8
,2021-12-31T09:50:02,23.2,43.8
,2021-12-31T09:51:06,23.2,43.8
,2021-12-31T09:52:02,23.2,43.7
,2021-12-31T09:53:01,23.2,43.8
,2021-12-31T09:54:04,23.2,43.7
,2021-12-31T09:55:09,23.2,43.7
,2021-12-31T09:56:02,23.2,43.7
,2021-12-31T09:57:02,23.2,43.7
,2021-12-31T09:58:02,23.2,43.7
,2021-12-31T09:59:02,23.2,43.7
,2021-12-31T10:00:04,23.2,43.7
,2021-12-31T10:01:02,23.2,43.7
,2021-12-31T10:02:02,23.2,43.7
,2021-12-31T10:03:02,23.2,43.7
,2021-12-31T10:04:02,23.2,43.7
,2021-12-31T10:05:02,23.2,43.7
,2021-12-31T10:06:02,23.2,43.7
,2021-12-31T10:07:01,23.2,43.7
,2021-12-31T10:08:02,23.2,43.7
,2021-12-31T10:09:02,23.2,43.7
,2021-12-31T10:10:02,23.1,43.6
,2021-12-31T10:11:02,23.2,43.7
,2021-12-31T10:12:06,23.2,43.7
,2021-12-31T10:13:01,23.1,43.6
,2021-12-31T10:14:02,23.2,43.7
,2021-12-31T10:15:10,23.2,43.9
,2021-12-31T10:16:01,23.1,43.8
,2021-12-31T10:17:02,23.2,43.8
,2021-12-31T10:18:02,23.2,43.9
,2021-12-31T10:19:02,23.2,44.0
,2021-12-31T10:20:19,23.2,43.9
,2021-12-31T10:21:02,23.2,43.9
,2021-12-31T10:22:07,23.2,43.9
,2021-12-31T10:23:04,23.2,43.9
,2021-12-31T10:24:02,23.2,43.9
,2021-12-31T10:25:07,23.2,43.9
,2021-12-31T10:26:02,23.2,43.8
,2021-12-31T10:27:05,23.2,43.7
,2021-12-31T10:28:09,23.2,43.7
,2021-12-31T10:29:02,23.2,43.7
,2021-12-31T10:30:04,23.2,43.7
,2021-12-31T10:31:02,23.2,43.7
,2021-12-31T10:32:10,23.2,43.7
,2021-12-31T10:33:04,23.2,43.7
,2021-12-31T10:34:02,23.2,43.7
,2021-12-31T10:35:17,23.2,43.7
,2021-12-31T10:36:02,23.2,43.7
,2021-12-31T10:37:02,23.2,43.7
,2021-12-31T10:38:02,23.2,43.7
,2021-12-31T10:39:02,23.2,43.7
,2021-12-31T10:40:04,23.2,43.6
,2021-12-31T10:41:02,23.2,43.6
,2021-12-31T10:42:02,23.2,43.6
,2021-12-31T10:43:02,23.2,43.6
,2021-12-31T10:44:02,23.2,43.6
,2021-12-31T10:45:04,23.2,43.6
,2021-12-31T10:46:07,23.2,43.6
,2021-12-31T10:47:02,23.2,43.6
,2021-12-31T10:48:04,23.2,43.6
,2021-12-31T10:49:05,23.2,43.5
,2021-12-31T10:50:04,23.2,43.5
,2021-12-31T10:51:09,23.2,43.5
,2021-12-31T10:52:02,23.2,43.5
,2021-12-31T10:53:02,23.2,43.5
,2021-12-31T10:54:02,23.2,43.5
,2021-12-31T10:55:04,23.2,43.5
,2021-12-31T10:56:02,23.2,43.5
,2021-12-31T10:57:10,23.2,43.5
,2021-12-31T10:58:04,23.2,43.5
,2021-12-31T10:59:04,23.2,43.5
,2021-12-31T11:00:02,23.2,43.5
,2021-12-31T11:01:02,23.2,43.5
,2021-12-31T11:02:02,23.2,43.5
,2021-12-31T11:03:02,23.2,43.5
,2021-12-31T11:04:02,23.2,43.5
,2021-12-31T11:05:07,23.2,43.5
,2021-12-31T11:06:02,23.2,43.5
,2021-12-31T11:07:02,23.2,43.5
,2021-12-31T11:08:01,23.2,43.6
,2021-12-31T11:09:05,23.2,43.6
,2021-12-31T11:10:07,23.2,43.6
,2021-12-31T11:11:02,23.2,43.6
,2021-12-31T11:12:04,23.2,43.6
,2021-12-31T11:13:02,23.2,43.6
,2021-12-31T11:14:01,23.2,43.6
,2021-12-31T11:15:14,23.2,43.6
,2021-12-31T11:16:09,23.2,43.6
,2021-12-31T11:17:02,23.2,43.6
,2021-12-31T11:18:02,23.2,43.6
,2021-12-31T11:19:02,23.2,43.6
,2021-12-31T11:20:04,23.2,43.9
,2021-12-31T11:21:06,23.2,43.8
,2021-12-31T11:22:01,23.2,43.8
,2021-12-31T11:23:05,23.2,43.8
,2021-12-31T11:24:02,23.2,43.8
,2021-12-31T11:25:14,23.2,43.7
,2021-12-31T11:26:02,23.2,43.7
,2021-12-31T11:27:01,23.2,43.7
,2021-12-31T11:28:02,23.2,43.8
,2021-12-31T11:29:02,23.2,43.8
,2021-12-31T11:30:04,23.3,43.7
,2021-12-31T11:31:02,23.3,43.7
,2021-12-31T11:32:04,23.3,43.7
,2021-12-31T11:33:02,23.3,43.7
,2021-12-31T11:34:02,23.3,43.8
,2021-12-31T11:35:17,23.3,43.7
,2021-12-31T11:36:04,23.3,43.8
,2021-12-31T11:37:02,23.3,43.8
,2021-12-31T11:38:04,23.3,43.8
,2021-12-31T11:39:02,23.3,43.8
,2021-12-31T11:40:12,23.3,43.8
,2021-12-31T11:41:07,23.3,43.8
,2021-12-31T11:42:04,23.3,43.8
,2021-12-31T11:43:02,23.3,43.8
,2021-12-31T11:44:04,23.3,43.8
,2021-12-31T11:45:02,23.3,43.8
,2021-12-31T11:46:07,23.3,43.9
,2021-12-31T11:47:04,23.3,43.9
,2021-12-31T11:48:02,23.3,43.9
,2021-12-31T11:49:02,23.3,43.9
,2021-12-31T11:50:04,23.3,43.9
,2021-12-31T11:51:04,23.3,43.9
,2021-12-31T11:52:02,23.4,44.0
,2021-12-31T11:53:02,23.4,44.0
,2021-12-31T11:54:04,23.3,44.0
,2021-12-31T11:55:17,23.4,43.9
,2021-12-31T11:56:04,23.4,44.0
,2021-12-31T11:57:02,23.3,43.9
,2021-12-31T11:58:01,23.3,43.9
,2021-12-31T11:59:01,23.4,44.0
,2021-12-31T12:00:07,23.4,44.1
,2021-12-31T12:01:02,23.4,44.0
,2021-12-31T12:02:01,23.3,44.1
,2021-12-31T12:03:01,23.3,44.1
,2021-12-31T12:04:05,23.4,44.1
,2021-12-31T12:05:09,23.3,44.1
,2021-12-31T12:06:02,23.4,44.1
,2021-12-31T12:07:05,23.4,44.1
,2021-12-31T12:08:02,23.4,44.1
,2021-12-31T12:09:01,23.4,44.1
,2021-12-31T12:10:14,23.4,44.1
,2021-12-31T12:11:02,23.4,44.1
,2021-12-31T12:12:02,23.4,44.1
,2021-12-31T12:13:04,23.4,44.1
,2021-12-31T12:14:07,23.4,44.1
,2021-12-31T12:15:04,23.4,44.1
,2021-12-31T12:16:02,23.4,44.1
,2021-12-31T12:17:02,23.4,44.1
,2021-12-31T12:18:01,23.4,44.0
,2021-12-31T12:19:02,23.4,44.1
,2021-12-31T12:20:05,23.4,44.1
,2021-12-31T12:21:01,23.4,44.1
,2021-12-31T12:22:01,23.4,44.1
,2021-12-31T12:23:01,23.4,44.0
,2021-12-31T12:24:05,23.4,44.0
,2021-12-31T12:25:04,23.4,44.0
,2021-12-31T12:26:02,23.4,44.0
,2021-12-31T12:27:02,23.4,44.1
,2021-12-31T12:28:02,23.4,44.1
,2021-12-31T12:29:01,23.4,44.1
,2021-12-31T12:30:16,23.4,44.1
,2021-12-31T12:31:06,23.4,44.0
,2021-12-31T12:32:04,23.4,44.1
,2021-12-31T12:33:04,23.4,44.0
,2021-12-31T12:34:02,23.4,44.0
,2021-12-31T12:35:02,23.4,44.0
,2021-12-31T12:36:02,23.4,44.1
,2021-12-31T12:37:02,23.4,44.0
,2021-12-31T12:38:02,23.4,44.0
,2021-12-31T12:39:02,23.4,44.0
,2021-12-31T12:40:12,23.4,44.0
,2021-12-31T12:41:02,23.4,44.0
,2021-12-31T12:42:02,23.4,44.0
,2021-12-31T12:43:01,23.5,44.1
,2021-12-31T12:44:04,23.5,44.1
,2021-12-31T12:45:04,23.5,44.1
,2021-12-31T12:46:07,23.5,44.2
,2021-12-31T12:47:02,23.5,44.1
,2021-12-31T12:48:02,23.5,44.1
,2021-12-31T12:49:01,23.4,44.1
,2021-12-31T12:50:02,23.4,44.1
,2021-12-31T12:51:05,23.5,44.1
,2021-12-31T12:52:05,23.5,44.1
,2021-12-31T12:53:01,23.5,44.1
,2021-12-31T12:54:02,23.4,44.1
,2021-12-31T12:55:07,23.4,44.1
,2021-12-31T12:56:04,23.4,44.1
,2021-12-31T12:57:04,23.4,44.5
,2021-12-31T12:58:02,23.4,44.5
,2021-12-31T12:59:01,23.4,44.8
,2021-12-31T13:00:04,23.4,45.1
,2021-12-31T13:01:04,23.4,45.3
,2021-12-31T13:02:02,23.4,45.3
,2021-12-31T13:03:02,23.4,45.6
,2021-12-31T13:04:02,23.4,45.6
,2021-12-31T13:05:19,23.4,46.0
,2021-12-31T13:06:04,23.4,46.2
,2021-12-31T13:07:02,23.4,46.2
,2021-12-31T13:08:07,23.4,46.1
,2021-12-31T13:09:04,23.4,46.2
,2021-12-31T13:10:20,23.4,46.2
,2021-12-31T13:11:02,23.4,46.2
,2021-12-31T13:12:02,23.4,46.1
,2021-12-31T13:13:02,23.5,46.2
,2021-12-31T13:14:04,23.4,46.2
,2021-12-31T13:15:07,23.5,46.4
,2021-12-31T13:16:02,23.5,46.4
,2021-12-31T13:17:02,23.5,46.3
,2021-12-31T13:18:01,23.5,46.2
,2021-12-31T13:19:01,23.5,46.3
,2021-12-31T13:20:10,23.5,46.4
,2021-12-31T13:21:04,23.5,46.4
,2021-12-31T13:22:01,23.5,46.4
,2021-12-31T13:23:02,23.5,46.4
,2021-12-31T13:24:07,23.5,46.4
,2021-12-31T13:25:07,23.5,46.4
,2021-12-31T13:26:04,23.5,46.5
,2021-12-31T13:27:05,23.5,46.6
,2021-12-31T13:28:02,23.5,46.5
,2021-12-31T13:29:04,23.5,46.3
,2021-12-31T13:30:17,23.5,46.5
,2021-12-31T13:31:04,23.5,46.6
,2021-12-31T13:32:02,23.5,46.6
,2021-12-31T13:33:01,23.5,46.5
,2021-12-31T13:34:02,23.5,46.5
,2021-12-31T13:35:02,23.5,46.6
,2021-12-31T13:36:05,23.5,46.6
,2021-12-31T13:37:02,23.5,46.6
,2021-12-31T13:38:02,23.5,46.5
,2021-12-31T13:39:02,23.5,46.5
,2021-12-31T13:40:02,23.5,46.5
,2021-12-31T13:41:04,23.5,46.6
,2021-12-31T13:42:04,23.5,46.4
,2021-12-31T13:43:02,23.5,46.4
,2021-12-31T13:44:04,23.5,46.4
,2021-12-31T13:45:02,23.5,46.4
,2021-12-31T13:46:02,23.5,46.4
,2021-12-31T13:47:02,23.5,46.3
,2021-12-31T13:48:01,23.5,46.3
,2021-12-31T13:49:10,23.5,46.2
,2021-12-31T13:50:17,23.5,46.2
,2021-12-31T13:51:04,23.5,47.2
,2021-12-31T13:52:02,23.4,47.2
,2021-12-31T13:53:01,23.5,47.8
,2021-12-31T13:54:01,23.4,49.3
,2021-12-31T13:55:17,23.4,49.6
,2021-12-31T13:56:05,23.5,50.4
,2021-12-31T13:57:02,23.4,50.3
,2021-12-31T13:58:02,23.5,50.3
,2021-12-31T13:59:02,23.5,50.8
,2021-12-31T14:00:04,23.5,49.8
,2021-12-31T14:01:04,23.5,50.2
,2021-12-31T14:02:05,23.5,49.6
,2021-12-31T14:03:04,23.5,49.5
,2021-12-31T14:04:04,23.5,49.5
,2021-12-31T14:05:07,23.4,50.2
,2021-12-31T14:06:05,23.5,49.9
,2021-12-31T14:07:09,23.4,49.7
,2021-12-31T14:08:02,23.5,49.8
,2021-12-31T14:09:04,23.5,50.2
,2021-12-31T14:10:05,23.5,50.0
,2021-12-31T14:11:04,23.5,49.8
,2021-12-31T14:12:02,23.5,49.8
,2021-12-31T14:13:01,23.5,49.7
,2021-12-31T14:14:02,23.5,49.9
,2021-12-31T14:15:05,23.5,49.6
,2021-12-31T14:16:01,23.5,49.7
,2021-12-31T14:17:01,23.5,50.0
,2021-12-31T14:18:02,23.5,50.0
,2021-12-31T14:19:05,23.5,49.4
,2021-12-31T14:20:04,23.5,49.9
,2021-12-31T14:21:02,23.6,50.0
,2021-12-31T14:22:02,23.6,50.1
,2021-12-31T14:23:02,23.6,50.0
,2021-12-31T14:24:07,23.6,50.0
,2021-12-31T14:25:02,23.6,50.0
,2021-12-31T14:26:05,23.6,49.8
,2021-12-31T14:27:02,23.6,49.8
,2021-12-31T14:28:02,23.6,49.9
,2021-12-31T14:29:02,23.6,49.8
,2021-12-31T14:30:04,23.6,49.9
,2021-12-31T14:31:02,23.6,49.9
,2021-12-31T14:32:02,23.6,49.7
,2021-12-31T14:33:01,23.6,49.6
,2021-12-31T14:34:02,23.6,49.8
,2021-12-31T14:35:10,23.6,49.7
,2021-12-31T14:36:04,23.6,49.5
,2021-12-31T14:37:04,23.6,49.7
,2021-12-31T14:38:02,23.6,49.7
,2021-12-31T14:39:04,23.6,49.6
,2021-12-31T14:40:01,,
,2021-12-31T14:41:04,23.6,49.6
,2021-12-31T14:42:02,23.6,49.6
,2021-12-31T14:43:07,23.6,49.5
,2021-12-31T14:44:01,23.6,49.5
,2021-12-31T14:45:04,23.6,49.5
,2021-12-31T14:46:07,23.6,49.3
,2021-12-31T14:47:02,23.6,49.3
,2021-12-31T14:48:02,23.6,49.3
,2021-12-31T14:49:02,23.6,49.3
,2021-12-31T14:50:07,23.6,49.2
,2021-12-31T14:51:01,23.6,49.2
,2021-12-31T14:52:02,23.6,49.1
,2021-12-31T14:53:02,23.6,49.2
,2021-12-31T14:54:04,23.6,49.1
,2021-12-31T14:55:12,23.6,49.1
,2021-12-31T14:56:02,23.6,49.1
,2021-12-31T14:57:02,23.6,49.1
,2021-12-31T14:58:02,23.6,49.0
,2021-12-31T14:59:02,23.6,49.1
,2021-12-31T15:00:19,23.6,48.9
,2021-12-31T15:01:05,23.6,48.9
,2021-12-31T15:02:04,23.6,48.8
,2021-12-31T15:03:02,23.6,48.8
,2021-12-31T15:04:02,23.6,48.9
,2021-12-31T15:05:12,23.6,48.9
,2021-12-31T15:06:02,23.6,48.9
,2021-12-31T15:07:07,23.6,48.9
,2021-12-31T15:08:02,23.6,48.9
,2021-12-31T15:09:02,23.6,48.9
,2021-12-31T15:10:04,23.6,48.8
,2021-12-31T15:11:02,23.6,48.8
,2021-12-31T15:12:02,23.6,48.9
,2021-12-31T15:13:07,23.6,48.6
,2021-12-31T15:14:02,23.6,48.6
,2021-12-31T15:15:19,23.6,49.0
,2021-12-31T15:16:02,23.6,49.0
,2021-12-31T15:17:04,23.6,49.0
,2021-12-31T15:18:04,23.6,49.1
,2021-12-31T15:19:02,23.6,49.1
,2021-12-31T15:20:04,23.5,49.0
,2021-12-31T15:21:04,23.5,48.8
,2021-12-31T15:22:02,23.5,48.8
,2021-12-31T15:23:02,23.5,48.8
,2021-12-31T15:24:01,23.5,48.8
,2021-12-31T15:25:01,23.5,48.8
,2021-12-31T15:26:01,23.5,48.8
,2021-12-31T15:27:02,23.5,48.8
,2021-12-31T15:28:04,23.5,48.8
,2021-12-31T15:29:02,23.5,48.8
,2021-12-31T15:30:04,23.5,48.8
,2021-12-31T15:31:04,23.5,48.6
,2021-12-31T15:32:05,23.6,48.8
,2021-12-31T15:33:01,23.6,48.8
,2021-12-31T15:34:04,23.6,48.7
,2021-12-31T15:35:02,23.5,48.7
,2021-12-31T15:36:05,23.6,48.7
,2021-12-31T15:37:02,23.6,48.7
,2021-12-31T15:38:02,23.6,48.7
,2021-12-31T15:39:04,23.6,48.5
,2021-12-31T15:40:05,23.6,48.5
,2021-12-31T15:41:01,,48.5
,2021-12-31T15:42:02,23.6,48.4
,2021-12-31T15:43:02,23.6,48.3
,2021-12-31T15:44:01,23.6,48.3
,2021-12-31T15:45:04,23.6,48.2
,2021-12-31T15:46:04,23.6,48.2
,2021-12-31T15:47:02,23.6,48.2
,2021-12-31T15:48:02,23.6,48.1
,2021-12-31T15:49:02,23.6,48.2
,2021-12-31T15:50:19,23.6,48.0
,2021-12-31T15:51:02,23.6,48.0
,2021-12-31T15:52:02,23.6,48.0
,2021-12-31T15:53:02,23.6,48.0
,2021-12-31T15:54:04,23.6,47.9
,2021-12-31T15:55:02,23.6,47.9
,2021-12-31T15:56:07,23.6,48.9
,2021-12-31T15:57:02,23.5,48.8
,2021-12-31T15:58:02,23.6,49.1
,2021-12-31T15:59:02,23.6,48.9
,2021-12-31T16:00:04,23.6,48.8
,2021-12-31T16:01:02,23.6,48.8
,2021-12-31T16:02:04,23.6,48.8
,2021-12-31T16:03:04,23.6,48.8
,2021-12-31T16:04:02,23.6,48.9
,2021-12-31T16:05:20,23.6,49.5
,2021-12-31T16:06:01,23.6,49.5
,2021-12-31T16:07:02,23.6,50.2
,2021-12-31T16:08:02,23.6,51.1
,2021-12-31T16:09:02,23.6,51.4
,2021-12-31T16:10:04,23.6,52.6
,2021-12-31T16:11:02,23.6,52.7
,2021-12-31T16:12:01,23.6,52.9
,2021-12-31T16:13:02,23.6,52.9
,2021-12-31T16:14:02,23.6,53.3
,2021-12-31T16:15:07,23.5,53.7
,2021-12-31T16:16:04,23.5,53.8
,2021-12-31T16:17:02,23.5,53.9
,2021-12-31T16:18:02,23.5,53.9
,2021-12-31T16:19:02,23.5,53.8
,2021-12-31T16:20:04,23.5,53.9
,2021-12-31T16:21:02,23.4,53.8
,2021-12-31T16:22:01,23.4,54.0
,2021-12-31T16:23:02,23.4,54.2
,2021-12-31T16:24:02,23.4,54.2
,2021-12-31T16:25:17,23.4,55.1
,2021-12-31T16:26:02,23.4,55.1
,2021-12-31T16:27:02,,
,2021-12-31T16:28:02,23.4,55.4
,2021-12-31T16:29:02,23.3,55.4
,2021-12-31T16:30:04,23.3,55.5
,2021-12-31T16:31:02,23.3,55.5
,2021-12-31T16:32:02,23.3,55.6
,2021-12-31T16:33:02,23.3,55.8
,2021-12-31T16:34:02,23.3,55.2
,2021-12-31T16:35:07,23.1,50.6
,2021-12-31T16:36:02,23.1,50.5
,2021-12-31T16:37:11,23.0,50.0
,2021-12-31T16:38:12,22.8,49.8
,2021-12-31T16:39:07,22.8,49.8
,2021-12-31T16:40:14,22.6,49.7
,2021-12-31T16:41:02,22.7,49.7
,2021-12-31T16:42:07,22.6,49.8
,2021-12-31T16:43:15,22.5,49.4
,2021-12-31T16:44:06,22.5,49.2
,2021-12-31T16:45:01,22.5,49.3
,2021-12-31T16:46:22,22.4,49.3
,2021-12-31T16:48:00,22.4,49.3
,2021-12-31T16:48:31,22.3,49.0
,2021-12-31T16:49:06,22.3,49.0
,2021-12-31T16:50:04,22.3,49.0
,2021-12-31T16:51:04,22.1,49.1
,2021-12-31T16:52:02,22.1,49.1
,2021-12-31T16:53:02,22.1,49.0
,2021-12-31T16:54:02,22.0,48.8
,2021-12-31T16:55:04,21.8,49.2
,2021-12-31T16:56:30,21.6,49.2
,2021-12-31T16:57:17,21.6,49.1
,2021-12-31T16:58:05,21.6,49.4
,2021-12-31T16:59:42,21.5,49.4
,2021-12-31T17:00:12,21.5,49.7
,2021-12-31T17:01:17,21.5,49.5
,2021-12-31T17:02:03,21.6,49.4
,2021-12-31T17:03:44,21.5,49.8
,2021-12-31T17:04:22,21.5,49.8
,2021-12-31T17:05:12,21.5,49.7
,2021-12-31T17:06:10,21.5,49.5
,2021-12-31T17:07:04,21.5,
,2021-12-31T17:08:05,21.5,49.6
,2021-12-31T17:09:21,21.5,49.3
,2021-12-31T17:10:04,21.5,49.4
,2021-12-31T17:11:01,21.5,49.4
,2021-12-31T17:12:02,21.4,49.3
,2021-12-31T17:13:55,21.4,49.3
,2021-12-31T17:14:05,21.4,49.3
,2021-12-31T17:15:08,21.4,49.2
,2021-12-31T17:16:30,21.4,48.8
,2021-12-31T17:17:04,21.2,49.6
,2021-12-31T17:18:16,21.2,49.7
,2021-12-31T17:19:19,21.2,49.6
,2021-12-31T17:20:28,21.1,49.5
,2021-12-31T17:21:04,21.2,
,2021-12-31T17:22:21,21.1,
,2021-12-31T17:24:24,21.1,
,2021-12-31T17:24:24,21.1,
,2021-12-31T17:25:02,,
,2021-12-31T17:26:10,,
,2021-12-31T17:27:06,,
,2021-12-31T17:28:04,,
,2021-12-31T17:29:04,,
,2021-12-31T17:30:17,,
,2021-12-31T17:31:02,,
,2021-12-31T17:32:02,,
,2021-12-31T17:33:02,,
,2021-12-31T17:34:02,,
,2021-12-31T17:35:02,,53.0
,2021-12-31T17:36:02,,53.1
,2021-12-31T17:37:01,,53.7
,2021-12-31T17:38:05,,53.5
,2021-12-31T17:39:02,,53.6
,2021-12-31T17:40:09,21.7,53.8
,2021-12-31T17:41:02,,53.8
,2021-12-31T17:42:02,,53.4
,2021-12-31T17:43:01,21.8,53.2
,2021-12-31T17:44:04,21.9,53.5
,2021-12-31T17:45:12,21.9,54.0
,2021-12-31T17:46:04,22.0,53.3
,2021-12-31T17:47:02,22.0,53.4
,2021-12-31T17:48:02,22.0,
,2021-12-31T17:49:02,,53.5
,2021-12-31T17:50:04,22.1,53.6
,2021-12-31T17:51:06,22.1,53.9
,2021-12-31T17:52:02,22.1,54.0
,2021-12-31T17:53:02,22.1,54.0
,2021-12-31T17:54:02,,53.6
,2021-12-31T17:55:17,22.2,54.4
,2021-12-31T17:56:02,22.2,54.4
,2021-12-31T17:57:02,22.2,54.3
,2021-12-31T17:58:01,22.3,54.7
,2021-12-31T17:59:02,22.3,54.9
,2021-12-31T18:00:10,22.3,53.7
,2021-12-31T18:01:09,22.3,53.7
,2021-12-31T18:02:02,22.3,53.7
,2021-12-31T18:03:04,22.3,54.3
,2021-12-31T18:04:02,22.3,54.2
,2021-12-31T18:05:12,22.3,54.8
,2021-12-31T18:06:02,22.3,54.8
,2021-12-31T18:07:04,22.4,54.3
,2021-12-31T18:08:02,22.4,54.2
,2021-12-31T18:09:04,22.4,54.1
,2021-12-31T18:10:12,22.4,54.5
,2021-12-31T18:11:05,22.4,54.4
,2021-12-31T18:12:02,22.4,54.8
,2021-12-31T18:13:02,22.4,55.1
,2021-12-31T18:14:02,22.4,55.0
,2021-12-31T18:15:09,22.4,55.4
,2021-12-31T18:16:02,22.4,55.4
,2021-12-31T18:17:07,22.5,55.5
,2021-12-31T18:18:02,22.5,55.5
,2021-12-31T18:19:02,22.5,55.4
,2021-12-31T18:20:12,22.5,55.6
,2021-12-31T18:21:02,22.5,55.6
,2021-12-31T18:22:04,22.5,55.5
,2021-12-31T18:23:02,22.6,55.5
,2021-12-31T18:24:04,22.6,55.0
,2021-12-31T18:25:12,22.6,55.2
,2021-12-31T18:26:04,22.6,55.1
,2021-12-31T18:27:05,22.6,54.6
,2021-12-31T18:28:04,22.6,55.0
,2021-12-31T18:29:04,22.6,55.1
,2021-12-31T18:30:20,22.7,55.4
,2021-12-31T18:31:02,22.6,55.4
,2021-12-31T18:32:02,22.7,55.4
,2021-12-31T18:33:02,22.7,55.6
,2021-12-31T18:34:02,22.7,55.7
,2021-12-31T18:35:20,22.7,55.8
,2021-12-31T18:36:01,22.7,55.7
,2021-12-31T18:37:02,22.7,55.7
,2021-12-31T18:38:02,22.7,55.6
,2021-12-31T18:39:05,22.7,55.8
,2021-12-31T18:40:09,22.7,55.2
,2021-12-31T18:41:02,22.7,55.2
,2021-12-31T18:42:02,22.7,55.0
,2021-12-31T18:43:02,22.7,54.6
,2021-12-31T18:44:02,22.7,54.7
,2021-12-31T18:45:04,22.7,55.3
,2021-12-31T18:46:02,22.7,55.3
,2021-12-31T18:47:02,22.7,55.6
,2021-12-31T18:48:02,22.7,55.2
,2021-12-31T18:49:04,22.7,55.4
,2021-12-31T18:50:10,22.7,54.7
,2021-12-31T18:51:02,22.7,54.8
,2021-12-31T18:52:02,22.7,55.4
,2021-12-31T18:53:01,22.7,55.3
,2021-12-31T18:54:02,22.7,55.3
,2021-12-31T18:55:20,22.7,54.8
,2021-12-31T18:56:02,22.7,54.8
,2021-12-31T18:57:02,22.7,55.3
,2021-12-31T18:58:02,22.7,55.4
,2021-12-31T18:59:07,22.7,55.3
,2021-12-31T19:00:10,22.8,55.3
,2021-12-31T19:01:01,22.8,55.2
,2021-12-31T19:02:02,22.7,55.2
,2021-12-31T19:03:02,22.8,55.0
,2021-12-31T19:04:01,22.7,54.8
,2021-12-31T19:05:04,22.7,55.3
,2021-12-31T19:06:07,22.7,55.0
,2021-12-31T19:07:02,22.7,54.9
,2021-12-31T19:08:02,22.7,55.3
,2021-12-31T19:09:07,22.8,55.1
,2021-12-31T19:10:14,22.8,54.6
,2021-12-31T19:11:02,22.7,54.6
,2021-12-31T19:12:04,22.7,55.5
,2021-12-31T19:13:02,22.8,55.5
,2021-12-31T19:14:01,22.8,54.8
,2021-12-31T19:15:04,22.8,55.1
,2021-12-31T19:16:02,22.8,55.0
,2021-12-31T19:17:02,22.8,55.0
,2021-12-31T19:18:01,22.8,54.8
,2021-12-31T19:19:05,22.8,55.4
,2021-12-31T19:20:04,22.8,54.6
,2021-12-31T19:21:07,22.8,55.0
,2021-12-31T19:22:02,22.8,54.7
,2021-12-31T19:23:02,22.8,54.7
,2021-12-31T19:24:02,22.8,54.9
,2021-12-31T19:25:07,22.8,54.7
,2021-12-31T19:26:07,22.8,55.0
,2021-12-31T19:27:02,22.8,55.0
,2021-12-31T19:28:02,22.8,54.8
,2021-12-31T19:29:02,22.8,54.9
,2021-12-31T19:30:14,22.8,55.0
,2021-12-31T19:31:02,22.8,55.0
,2021-12-31T19:32:02,,
,2021-12-31T19:33:04,22.8,55.5
,2021-12-31T19:34:02,22.8,55.4
,2021-12-31T19:35:05,22.8,55.2
,2021-12-31T19:36:07,22.8,55.0
,2021-12-31T19:37:02,22.8,55.0
,2021-12-31T19:38:02,22.9,54.8
,2021-12-31T19:39:02,22.8,54.7
,2021-12-31T19:40:04,22.8,55.0
,2021-12-31T19:41:02,22.8,55.0
,2021-12-31T19:42:01,22.8,54.7
,2021-12-31T19:43:02,22.8,54.6
,2021-12-31T19:44:07,22.8,55.0
,2021-12-31T19:45:05,22.8,54.8
,2021-12-31T19:46:01,22.8,54.8
,2021-12-31T19:47:02,22.8,54.8
,2021-12-31T19:48:02,22.8,54.8
,2021-12-31T19:49:02,,
,2021-12-31T19:50:07,22.9,55.5
,2021-12-31T19:51:01,22.9,55.5
,2021-12-31T19:52:02,22.9,55.3
,2021-12-31T19:53:01,22.9,55.5
,2021-12-31T19:54:05,22.9,55.2
,2021-12-31T19:55:12,22.9,55.0
,2021-12-31T19:56:02,22.9,55.0
,2021-12-31T19:57:02,22.9,55.3
,2021-12-31T19:58:02,22.9,54.9
,2021-12-31T19:59:02,22.9,55.3
,2021-12-31T20:00:10,22.9,55.3
,2021-12-31T20:01:06,22.9,55.3
,2021-12-31T20:02:02,22.9,55.3
,2021-12-31T20:03:02,22.9,55.5
,2021-12-31T20:04:07,22.9,54.8
,2021-12-31T20:05:02,22.9,54.8
,2021-12-31T20:06:01,22.9,54.6
,2021-12-31T20:07:07,22.9,54.8
,2021-12-31T20:08:01,22.9,54.8
,2021-12-31T20:09:04,22.9,55.4
,2021-12-31T20:10:04,22.9,55.3
,2021-12-31T20:11:02,22.9,55.3
,2021-12-31T20:12:04,22.9,55.2
,2021-12-31T20:13:02,22.9,55.2
,2021-12-31T20:14:07,22.9,55.0
,2021-12-31T20:15:07,22.9,54.9
,2021-12-31T20:16:02,22.9,54.9
,2021-12-31T20:17:02,22.9,54.6
,2021-12-31T20:18:05,22.9,54.7
,2021-12-31T20:19:01,22.9,54.7
,2021-12-31T20:20:04,23.0,54.5
,2021-12-31T20:21:02,22.9,54.4
,2021-12-31T20:22:01,22.9,54.4
,2021-12-31T20:23:02,22.9,54.6
,2021-12-31T20:24:02,22.9,54.9
,2021-12-31T20:25:10,22.9,54.9
,2021-12-31T20:26:01,22.9,54.9
,2021-12-31T20:27:04,23.0,54.7
,2021-12-31T20:28:02,23.0,54.7
,2021-12-31T20:29:04,23.0,54.9
,2021-12-31T20:30:04,23.0,54.7
,2021-12-31T20:31:01,23.0,54.6
,2021-12-31T20:32:02,23.0,54.4
,2021-12-31T20:33:01,23.0,54.6
,2021-12-31T20:34:01,22.9,54.6
,2021-12-31T20:35:05,22.9,54.5
,2021-12-31T20:36:10,22.9,54.5
,2021-12-31T20:37:02,22.9,54.4
,2021-12-31T20:38:04,22.9,54.4
,2021-12-31T20:39:02,22.9,54.4
,2021-12-31T20:40:07,22.9,54.6
,2021-12-31T20:41:02,22.9,54.6
,2021-12-31T20:42:02,22.9,54.5
,2021-12-31T20:43:02,22.9,54.5
,2021-12-31T20:44:04,22.9,54.4
,2021-12-31T20:45:05,22.9,54.2
,2021-12-31T20:46:02,22.9,54.2
,2021-12-31T20:47:02,22.9,54.5
,2021-12-31T20:48:12,22.9,54.3
,2021-12-31T20:49:03,22.9,54.3
,2021-12-31T20:50:05,22.9,54.5
,2021-12-31T20:51:07,22.9,54.3
,2021-12-31T20:52:07,22.9,54.3
,2021-12-31T20:53:04,22.9,54.3
,2021-12-31T20:54:02,22.9,54.5
,2021-12-31T20:55:04,22.9,54.3
,2021-12-31T20:56:02,22.9,54.3
,2021-12-31T20:57:04,,
,2021-12-31T20:58:02,23.0,54.4
,2021-12-31T20:59:04,23.0,54.4
,2021-12-31T21:00:10,23.0,54.5
,2021-12-31T21:01:01,23.0,54.4
,2021-12-31T21:02:02,23.0,54.5
,2021-12-31T21:03:04,23.0,54.4
,2021-12-31T21:04:10,23.0,54.6
,2021-12-31T21:05:12,22.9,55.0
,2021-12-31T21:06:10,23.0,54.4
,2021-12-31T21:07:02,23.0,54.4
,2021-12-31T21:08:02,23.0,54.4
,2021-12-31T21:09:04,23.0,54.3
,2021-12-31T21:10:09,23.0,54.4
,2021-12-31T21:11:04,22.9,54.4
,2021-12-31T21:12:02,23.0,54.4
,2021-12-31T21:13:14,22.9,54.5
,2021-12-31T21:14:02,23.0,54.7
,2021-12-31T21:15:07,23.0,54.4
,2021-12-31T21:16:02,23.0,54.4
,2021-12-31T21:17:07,22.9,54.3
,2021-12-31T21:18:02,22.9,54.3
,2021-12-31T21:19:02,22.9,54.4
,2021-12-31T21:20:02,22.9,54.5
,2021-12-31T21:21:07,22.9,54.5
,2021-12-31T21:22:02,22.9,54.5
,2021-12-31T21:23:02,22.9,54.5
,2021-12-31T21:24:02,22.9,54.5
,2021-12-31T21:25:04,22.9,54.7
,2021-12-31T21:26:02,22.9,54.7
,2021-12-31T21:27:01,22.9,54.5
,2021-12-31T21:28:02,22.9,54.5
,2021-12-31T21:29:02,22.9,54.6
,2021-12-31T21:30:05,22.9,54.5
,2021-12-31T21:31:05,22.9,54.4
,2021-12-31T21:32:02,22.9,54.4
,2021-12-31T21:33:01,22.9,54.6
,2021-12-31T21:34:02,22.9,54.6
,2021-12-31T21:35:05,22.9,54.5
,2021-12-31T21:36:02,22.9,54.5
,2021-12-31T21:37:01,22.9,54.5
,2021-12-31T21:38:02,22.9,54.5
,2021-12-31T21:39:25,22.9,54.6
,2021-12-31T21:40:32,22.8,
,2021-12-31T21:41:07,23.0,54.4
,2021-12-31T21:42:01,23.1,53.7
,2021-12-31T21:43:01,23.1,53.6
,2021-12-31T21:44:02,23.1,53.5
,2021-12-31T21:45:32,23.1,54.0
,2021-12-31T21:46:01,23.1,53.5
,2021-12-31T21:47:02,23.1,53.5
,2021-12-31T21:48:02,23.1,53.5
,2021-12-31T21:49:02,23.0,53.6
,2021-12-31T21:50:04,23.1,54.1
,2021-12-31T21:51:02,23.0,53.5
,2021-12-31T21:52:02,,
,2021-12-31T21:53:02,23.0,53.5
,2021-12-31T21:54:02,,
,2021-12-31T21:55:04,23.0,54.0
,2021-12-31T21:56:02,23.0,53.4
,2021-12-31T21:57:01,23.0,53.5
,2021-12-31T21:58:02,23.0,53.5
,2021-12-31T21:59:05,23.0,54.0
,2021-12-31T22:00:14,23.0,54.0
,2021-12-31T22:01:02,23.0,53.5
,2021-12-31T22:02:02,23.0,53.5
,2021-12-31T22:03:02,23.0,53.5
,2021-12-31T22:04:02,23.0,53.4
,2021-12-31T22:05:12,22.9,53.9
,2021-12-31T22:06:01,23.0,53.6
,2021-12-31T22:07:02,23.0,53.4
,2021-12-31T22:08:05,22.9,53.9
,2021-12-31T22:09:02,22.9,53.2
,2021-12-31T22:10:04,22.9,54.0
,2021-12-31T22:11:02,22.9,53.6
,2021-12-31T22:12:05,22.9,54.0
,2021-12-31T22:13:01,22.9,53.3
,2021-12-31T22:14:01,22.9,53.4
,2021-12-31T22:15:02,22.9,53.2
,2021-12-31T22:16:06,23.0,54.0
,2021-12-31T22:17:02,22.9,53.1
,2021-12-31T22:18:02,22.9,53.0
,2021-12-31T22:19:02,22.9,53.0
,2021-12-31T22:20:02,22.9,53.3
,2021-12-31T22:21:02,23.0,53.3
,2021-12-31T22:22:05,22.9,53.8
,2021-12-31T22:23:01,22.9,53.3
,2021-12-31T22:24:01,22.9,53.3
,2021-12-31T22:25:05,22.9,53.8
,2021-12-31T22:26:01,22.9,53.6
,2021-12-31T22:27:02,22.9,53.5
,2021-12-31T22:28:02,22.9,53.5
,2021-12-31T22:29:02,22.9,53.5
,2021-12-31T22:30:01,22.9,53.4
,2021-12-31T22:31:04,23.0,54.0
,2021-12-31T22:32:01,23.0,53.5
,2021-12-31T22:33:02,23.0,53.4
,2021-12-31T22:34:02,23.0,53.5
,2021-12-31T22:35:05,22.9,54.0
,2021-12-31T22:36:02,23.0,53.7
,2021-12-31T22:37:02,23.0,53.5
,2021-12-31T22:38:04,22.9,54.0
,2021-12-31T22:39:04,22.9,54.1
,2021-12-31T22:40:09,22.9,54.0
,2021-12-31T22:41:02,22.9,53.6
,2021-12-31T22:42:01,22.9,53.5
,2021-12-31T22:43:02,22.9,53.4
,2021-12-31T22:44:02,22.9,53.5
,2021-12-31T22:45:04,22.9,53.8
,2021-12-31T22:46:01,22.9,53.4
,2021-12-31T22:47:01,22.9,53.4
,2021-12-31T22:48:02,22.9,53.4
,2021-12-31T22:49:02,22.9,53.6
,2021-12-31T22:50:07,22.9,54.1
,2021-12-31T22:51:02,22.9,53.7
,2021-12-31T22:52:01,22.9,53.4
,2021-12-31T22:53:02,22.9,53.4
,2021-12-31T22:54:02,22.9,53.7
