Time,Temperature,Humidity
2021-10-22 05:29:02,21.9,47.1
2021-10-22 05:30:12,21.7,47.0
2021-10-22 05:31:04,21.9,46.9
2021-10-22 05:32:01,21.9,46.9
2021-10-22 05:33:02,21.9,46.9
2021-10-22 05:34:02,21.9,46.9
2021-10-22 05:35:04,21.9,46.8
2021-10-22 05:36:05,21.9,46.9
2021-10-22 05:37:02,21.9,46.9
2021-10-22 05:38:02,21.9,46.8
2021-10-22 05:39:02,21.9,46.9
2021-10-22 05:40:04,21.9,46.7
2021-10-22 05:41:02,21.9,46.7
2021-10-22 05:42:04,21.8,46.7
2021-10-22 05:43:02,21.8,46.7
2021-10-22 05:44:02,21.8,46.7
2021-10-22 05:45:17,21.8,46.5
2021-10-22 05:46:04,21.9,46.6
2021-10-22 05:47:01,21.8,46.5
2021-10-22 05:48:01,21.8,46.6
2021-10-22 05:49:05,21.8,46.8
2021-10-22 05:50:19,21.8,46.7
2021-10-22 05:51:05,21.9,46.8
2021-10-22 05:52:04,21.9,46.6
2021-10-22 05:53:01,21.9,46.6
2021-10-22 05:54:02,21.9,46.6
2021-10-22 05:55:02,,
2021-10-22 05:56:05,21.8,46.5
2021-10-22 05:57:02,21.8,46.5
2021-10-22 05:58:02,21.9,46.6
2021-10-22 05:59:02,21.8,46.4
2021-10-22 06:00:22,21.8,46.4
2021-10-22 06:01:02,21.8,46.4
2021-10-22 06:02:01,21.8,46.4
2021-10-22 06:03:02,21.8,46.4
2021-10-22 06:04:02,21.8,46.4
2021-10-22 06:05:20,21.8,46.2
2021-10-22 06:06:01,21.8,46.2
2021-10-22 06:07:04,21.8,46.4
2021-10-22 06:08:02,21.8,46.3
2021-10-22 06:09:02,21.8,46.2
2021-10-22 06:10:07,21.8,46.2
2021-10-22 06:11:02,21.8,46.2
2021-10-22 06:12:04,21.8,46.2
2021-10-22 06:13:02,21.8,46.1
2021-10-22 06:14:02,21.8,46.1
2021-10-22 06:15:12,21.8,46.1
2021-10-22 06:16:01,21.8,46.1
2021-10-22 06:17:02,21.8,46.1
2021-10-22 06:18:02,21.8,46.1
2021-10-22 06:19:02,21.8,46.0
2021-10-22 06:20:22,21.8,45.9
2021-10-22 06:21:02,21.8,45.9
2021-10-22 06:22:02,21.9,46.0
2021-10-22 06:23:01,21.8,46.0
2021-10-22 06:24:01,21.8,46.0
2021-10-22 06:25:05,21.8,45.9
2021-10-22 06:26:04,21.8,46.0
2021-10-22 06:27:02,21.8,45.9
2021-10-22 06:28:02,21.8,45.9
2021-10-22 06:29:01,21.8,46.0
2021-10-22 06:30:30,21.8,46.0
2021-10-22 06:31:02,21.8,46.0
2021-10-22 06:32:01,21.8,46.0
2021-10-22 06:33:09,21.8,46.0
2021-10-22 06:34:02,21.8,46.0
2021-10-22 06:35:12,21.8,46.0
2021-10-22 06:36:02,21.8,46.0
2021-10-22 06:37:01,21.8,46.0
2021-10-22 06:38:01,21.8,46.0
2021-10-22 06:39:05,21.8,46.0
2021-10-22 06:40:02,21.8,45.9
2021-10-22 06:41:01,21.8,46.0
2021-10-22 06:42:01,21.8,46.0
2021-10-22 06:43:05,21.8,46.0
2021-10-22 06:44:02,21.8,46.0
2021-10-22 06:45:19,21.8,46.1
2021-10-22 06:46:02,21.8,46.1
2021-10-22 06:47:02,21.8,46.1
2021-10-22 06:48:05,21.8,46.1
2021-10-22 06:49:01,21.8,46.2
2021-10-22 06:50:01,21.8,46.2
2021-10-22 06:51:02,21.8,46.2
2021-10-22 06:52:02,21.8,46.1
2021-10-22 06:53:04,21.8,46.0
2021-10-22 06:54:01,21.8,46.1
2021-10-22 06:55:09,21.8,46.1
2021-10-22 06:56:02,21.8,46.1
2021-10-22 06:57:02,21.8,46.1
2021-10-22 06:58:02,21.7,46.0
2021-10-22 06:59:02,21.7,46.1
2021-10-22 07:00:07,21.8,46.0
2021-10-22 07:01:02,21.7,46.0
2021-10-22 07:02:02,21.7,46.0
2021-10-22 07:03:01,21.8,46.0
2021-10-22 07:04:02,21.7,46.0
2021-10-22 07:05:05,21.7,46.7
2021-10-22 07:06:04,21.7,46.2
2021-10-22 07:07:04,21.7,46.1
2021-10-22 07:08:01,21.7,46.1
2021-10-22 07:09:05,21.7,46.1
2021-10-22 07:10:12,21.7,46.2
2021-10-22 07:11:12,21.7,46.1
2021-10-22 07:12:12,21.7,46.0
2021-10-22 07:13:01,21.7,46.0
2021-10-22 07:14:01,21.7,46.1
2021-10-22 07:15:17,21.7,46.1
2021-10-22 07:16:02,21.7,46.0
2021-10-22 07:17:02,21.7,45.9
2021-10-22 07:18:02,21.7,46.0
2021-10-22 07:19:02,21.7,46.0
2021-10-22 07:20:14,21.7,45.9
2021-10-22 07:21:05,21.7,46.0
2021-10-22 07:22:07,21.7,46.2
2021-10-22 07:23:02,21.6,46.1
2021-10-22 07:24:02,21.7,46.1
2021-10-22 07:25:20,21.7,46.0
2021-10-22 07:26:11,21.7,46.1
2021-10-22 07:27:01,21.7,46.1
2021-10-22 07:28:02,21.7,46.1
2021-10-22 07:29:02,21.6,46.1
2021-10-22 07:30:20,21.7,46.1
2021-10-22 07:31:04,21.6,46.1
2021-10-22 07:32:02,21.6,46.0
2021-10-22 07:33:02,21.7,46.1
2021-10-22 07:34:02,21.7,46.0
2021-10-22 07:35:22,21.7,46.1
2021-10-22 07:36:02,21.7,46.1
2021-10-22 07:37:01,21.7,46.0
2021-10-22 07:38:02,21.7,46.0
2021-10-22 07:39:02,21.7,46.3
2021-10-22 07:40:12,21.7,46.1
2021-10-22 07:41:02,21.7,46.1
2021-10-22 07:42:02,21.6,46.0
2021-10-22 07:43:02,21.7,46.1
2021-10-22 07:44:04,21.6,45.9
2021-10-22 07:45:17,21.6,45.8
2021-10-22 07:46:02,21.7,45.8
2021-10-22 07:47:02,21.7,45.9
2021-10-22 07:48:02,21.7,45.8
2021-10-22 07:49:02,21.7,45.7
2021-10-22 07:50:14,21.7,45.7
2021-10-22 07:51:02,21.7,45.6
2021-10-22 07:52:05,21.7,45.6
2021-10-22 07:53:02,21.7,45.6
2021-10-22 07:54:01,21.7,45.7
2021-10-22 07:55:06,21.8,45.6
2021-10-22 07:56:02,21.8,45.6
2021-10-22 07:57:02,21.7,45.6
2021-10-22 07:58:02,21.8,45.6
2021-10-22 07:59:01,21.8,45.6
2021-10-22 08:00:02,21.8,45.5
2021-10-22 08:01:01,21.8,45.5
2021-10-22 08:02:02,21.8,45.4
2021-10-22 08:03:02,21.8,45.5
2021-10-22 08:04:02,21.8,45.5
2021-10-22 08:05:22,21.8,45.6
2021-10-22 08:06:02,21.8,45.6
2021-10-22 08:07:01,21.8,45.5
2021-10-22 08:08:05,21.8,45.5
2021-10-22 08:09:02,21.8,45.5
2021-10-22 08:10:17,21.8,45.6
2021-10-22 08:11:02,21.8,45.6
2021-10-22 08:12:04,21.8,45.5
2021-10-22 08:13:02,21.8,45.6
2021-10-22 08:14:05,21.8,45.5
2021-10-22 08:15:07,21.8,45.5
2021-10-22 08:16:01,21.8,45.5
2021-10-22 08:17:01,21.8,45.4
2021-10-22 08:18:02,21.8,45.4
2021-10-22 08:19:02,21.7,45.7
2021-10-22 08:20:12,21.7,45.7
2021-10-22 08:21:02,21.8,45.7
2021-10-22 08:22:04,21.7,45.5
2021-10-22 08:23:05,21.7,45.6
2021-10-22 08:24:02,21.7,45.6
2021-10-22 08:25:01,21.7,45.8
2021-10-22 08:26:01,21.7,45.8
2021-10-22 08:27:02,21.7,45.8
2021-10-22 08:28:02,21.8,45.9
2021-10-22 08:29:02,21.7,45.8
2021-10-22 08:30:09,21.7,45.9
2021-10-22 08:31:05,21.8,45.7
2021-10-22 08:32:02,21.8,45.7
2021-10-22 08:33:02,21.7,45.5
2021-10-22 08:34:02,21.8,45.6
2021-10-22 08:35:14,21.8,45.6
2021-10-22 08:36:02,21.8,45.6
2021-10-22 08:37:02,21.8,45.6
2021-10-22 08:38:01,21.8,45.5
2021-10-22 08:39:02,21.8,45.5
2021-10-22 08:40:02,21.8,45.6
2021-10-22 08:41:04,21.8,45.5
2021-10-22 08:42:01,21.8,45.5
2021-10-22 08:43:07,21.8,45.6
2021-10-22 08:44:02,21.8,45.7
2021-10-22 08:45:10,21.8,45.7
2021-10-22 08:46:02,21.8,45.7
2021-10-22 08:47:01,21.8,45.5
2021-10-22 08:48:01,21.8,45.4
2021-10-22 08:49:02,21.9,45.4
2021-10-22 08:50:05,21.9,45.3
2021-10-22 08:51:01,21.9,45.3
2021-10-22 08:52:12,21.9,45.2
2021-10-22 08:53:01,21.9,45.2
2021-10-22 08:54:02,22.0,45.3
2021-10-22 08:55:12,22.0,45.3
2021-10-22 08:56:12,22.0,45.2
2021-10-22 08:57:02,22.0,45.2
2021-10-22 08:58:04,22.1,45.2
2021-10-22 08:59:02,22.1,45.2
2021-10-22 09:00:10,22.1,45.2
2021-10-22 09:01:01,22.1,45.1
2021-10-22 09:02:02,22.1,45.3
2021-10-22 09:03:02,22.1,45.3
2021-10-22 09:04:01,22.2,45.4
2021-10-22 09:05:22,22.2,45.4
2021-10-22 09:06:01,22.2,45.3
2021-10-22 09:07:02,22.3,45.4
2021-10-22 09:08:07,22.3,45.4
2021-10-22 09:09:02,22.3,45.3
2021-10-22 09:10:04,22.3,45.4
2021-10-22 09:11:02,22.3,45.3
2021-10-22 09:12:02,22.4,45.2
2021-10-22 09:13:07,22.4,45.1
2021-10-22 09:14:01,22.4,45.1
2021-10-22 09:15:05,22.4,46.1
2021-10-22 09:16:02,22.4,46.1
2021-10-22 09:17:02,22.4,46.6
2021-10-22 09:18:02,22.4,46.8
2021-10-22 09:19:01,22.5,47.0
2021-10-22 09:20:10,22.6,47.0
2021-10-22 09:21:04,22.6,46.9
2021-10-22 09:22:02,22.6,47.5
2021-10-22 09:23:04,22.6,47.1
2021-10-22 09:24:05,22.6,47.1
2021-10-22 09:25:22,22.6,46.8
2021-10-22 09:26:02,22.6,46.8
2021-10-22 09:27:02,22.7,46.8
2021-10-22 09:28:02,22.7,46.6
2021-10-22 09:29:02,22.7,46.7
2021-10-22 09:30:14,22.7,46.4
2021-10-22 09:31:05,22.7,46.4
2021-10-22 09:32:02,22.7,46.5
2021-10-22 09:33:02,22.7,46.3
2021-10-22 09:34:02,22.7,46.3
2021-10-22 09:35:17,22.7,46.1
2021-10-22 09:36:02,22.7,46.2
2021-10-22 09:37:02,22.7,45.9
2021-10-22 09:38:04,22.7,46.0
2021-10-22 09:39:02,22.7,46.0
2021-10-22 09:40:17,22.8,46.2
2021-10-22 09:41:02,22.7,46.2
2021-10-22 09:42:02,22.7,46.1
2021-10-22 09:43:02,22.8,46.2
2021-10-22 09:44:02,22.7,46.0
2021-10-22 09:45:24,22.8,45.9
2021-10-22 09:46:02,22.8,45.9
2021-10-22 09:47:02,22.8,45.9
2021-10-22 09:48:02,22.8,45.8
2021-10-22 09:49:02,22.8,45.8
2021-10-22 09:50:14,22.8,45.8
2021-10-22 09:51:07,22.8,45.6
2021-10-22 09:52:02,22.8,45.6
2021-10-22 09:53:02,22.8,45.7
2021-10-22 09:54:02,22.9,45.7
2021-10-22 09:55:22,22.9,45.4
2021-10-22 09:56:04,22.9,45.4
2021-10-22 09:57:02,22.9,45.4
2021-10-22 09:58:02,22.9,45.4
2021-10-22 09:59:02,22.9,45.3
2021-10-22 10:00:17,22.9,45.2
2021-10-22 10:01:01,22.9,45.2
2021-10-22 10:02:04,22.9,45.2
2021-10-22 10:03:05,22.9,45.2
2021-10-22 10:04:01,22.9,45.2
2021-10-22 10:05:06,22.9,45.0
2021-10-22 10:06:01,23.0,45.0
2021-10-22 10:07:04,23.0,45.1
2021-10-22 10:08:05,23.0,45.0
2021-10-22 10:09:02,22.9,44.8
2021-10-22 10:10:01,23.0,44.6
2021-10-22 10:11:02,22.9,44.6
2021-10-22 10:12:01,23.0,44.5
2021-10-22 10:13:05,22.9,44.3
2021-10-22 10:14:02,22.9,44.3
2021-10-22 10:15:09,22.9,44.5
2021-10-22 10:16:02,22.9,44.5
2021-10-22 10:17:07,22.9,44.0
2021-10-22 10:18:02,22.9,44.1
2021-10-22 10:19:02,22.9,44.3
2021-10-22 10:20:02,22.9,44.2
2021-10-22 10:21:02,22.8,44.2
2021-10-22 10:22:02,22.9,44.3
2021-10-22 10:23:02,22.9,44.4
2021-10-22 10:24:02,22.9,44.4
2021-10-22 10:25:04,22.9,44.4
2021-10-22 10:26:02,22.8,44.4
2021-10-22 10:27:12,22.9,44.5
2021-10-22 10:28:02,22.9,44.5
2021-10-22 10:29:01,22.9,44.6
2021-10-22 10:30:20,23.0,44.7
2021-10-22 10:31:04,23.0,44.6
2021-10-22 10:32:02,23.0,44.6
2021-10-22 10:33:02,23.0,44.6
2021-10-22 10:34:02,23.0,44.6
2021-10-22 10:35:04,23.1,44.8
2021-10-22 10:36:04,23.1,44.8
2021-10-22 10:37:02,23.1,44.8
2021-10-22 10:38:02,23.1,44.8
2021-10-22 10:39:02,23.1,44.8
2021-10-22 10:40:22,23.2,44.8
2021-10-22 10:41:02,23.2,44.8
2021-10-22 10:42:05,23.2,44.6
2021-10-22 10:43:01,23.2,44.6
2021-10-22 10:44:01,23.3,44.7
2021-10-22 10:45:07,23.2,44.8
2021-10-22 10:46:02,23.2,44.8
2021-10-22 10:47:02,23.2,44.6
2021-10-22 10:48:01,23.3,44.7
2021-10-22 10:49:02,23.3,44.7
2021-10-22 10:50:15,23.3,44.8
2021-10-22 10:51:01,23.3,44.7
2021-10-22 10:52:02,23.3,44.7
2021-10-22 10:53:02,23.3,44.7
2021-10-22 10:54:01,23.4,44.8
2021-10-22 10:55:09,23.3,44.8
2021-10-22 10:56:02,23.3,44.8
2021-10-22 10:57:04,23.4,44.8
2021-10-22 10:58:02,23.3,44.8
2021-10-22 10:59:02,23.4,44.8
2021-10-22 11:00:04,,44.7
2021-10-22 11:01:02,23.4,44.7
2021-10-22 11:02:02,23.4,44.6
2021-10-22 11:03:01,23.4,44.7
2021-10-22 11:04:02,23.4,44.5
2021-10-22 11:05:05,23.4,44.4
2021-10-22 11:06:04,23.5,44.4
2021-10-22 11:07:02,23.4,44.3
2021-10-22 11:08:02,23.5,44.3
2021-10-22 11:09:01,23.5,44.4
2021-10-22 11:10:23,23.5,44.4
2021-10-22 11:11:01,23.5,44.4
2021-10-22 11:12:02,23.5,44.3
2021-10-22 11:13:02,23.5,44.3
2021-10-22 11:14:02,23.5,44.1
2021-10-22 11:15:17,23.5,44.2
2021-10-22 11:16:02,23.5,44.2
2021-10-22 11:17:05,23.5,44.1
2021-10-22 11:18:07,23.6,44.0
2021-10-22 11:19:01,23.5,43.9
2021-10-22 11:20:04,23.6,43.9
2021-10-22 11:21:02,23.6,43.9
2021-10-22 11:22:01,23.6,44.0
2021-10-22 11:23:04,23.6,44.0
2021-10-22 11:24:02,23.6,44.0
2021-10-22 11:25:22,23.6,43.9
2021-10-22 11:26:02,23.6,43.9
2021-10-22 11:27:01,23.6,43.9
2021-10-22 11:28:05,23.6,43.7
2021-10-22 11:29:02,23.6,43.7
2021-10-22 11:30:09,23.6,43.8
2021-10-22 11:31:02,23.6,43.9
2021-10-22 11:32:02,23.6,43.8
2021-10-22 11:33:02,23.6,44.0
2021-10-22 11:34:02,23.7,43.9
2021-10-22 11:35:22,23.6,43.9
2021-10-22 11:36:02,23.6,43.9
2021-10-22 11:37:05,23.7,44.3
2021-10-22 11:38:01,23.7,44.3
2021-10-22 11:39:02,23.7,44.3
2021-10-22 11:40:22,23.7,44.1
2021-10-22 11:41:02,23.7,44.2
2021-10-22 11:42:02,23.7,44.0
2021-10-22 11:43:02,23.7,44.0
2021-10-22 11:44:02,23.7,44.1
2021-10-22 11:45:22,23.7,44.0
2021-10-22 11:46:09,23.7,44.0
2021-10-22 11:47:02,23.7,44.0
2021-10-22 11:48:02,23.7,44.0
2021-10-22 11:49:04,23.7,44.0
2021-10-22 11:50:22,23.7,43.7
2021-10-22 11:51:05,23.7,43.8
2021-10-22 11:52:01,23.7,43.8
2021-10-22 11:53:02,23.7,44.0
2021-10-22 11:54:02,23.7,44.1
2021-10-22 11:55:04,23.7,44.0
2021-10-22 11:56:01,23.7,44.0
2021-10-22 11:57:01,23.7,43.9
2021-10-22 11:58:02,23.7,44.0
2021-10-22 11:59:05,23.7,44.0
2021-10-22 12:00:04,23.7,44.0
2021-10-22 12:01:05,23.7,43.8
2021-10-22 12:02:02,23.7,43.8
2021-10-22 12:03:01,23.7,44.0
2021-10-22 12:04:02,23.7,43.7
2021-10-22 12:05:05,23.7,44.0
2021-10-22 12:06:04,23.7,43.9
2021-10-22 12:07:02,23.7,43.9
2021-10-22 12:08:02,23.7,43.9
2021-10-22 12:09:04,23.7,43.9
2021-10-22 12:10:17,23.7,43.9
2021-10-22 12:11:05,23.8,43.7
2021-10-22 12:12:02,23.7,43.7
2021-10-22 12:13:02,23.8,43.7
2021-10-22 12:14:02,23.8,43.8
2021-10-22 12:15:07,23.8,43.8
2021-10-22 12:16:01,23.8,43.8
2021-10-22 12:17:02,23.8,43.7
2021-10-22 12:18:02,23.8,43.7
2021-10-22 12:19:02,23.8,43.7
2021-10-22 12:20:22,23.8,43.6
2021-10-22 12:21:02,23.8,43.5
2021-10-22 12:22:02,23.8,43.7
2021-10-22 12:23:01,23.8,43.7
2021-10-22 12:24:02,23.8,43.7
2021-10-22 12:25:05,23.8,43.7
2021-10-22 12:26:01,23.8,43.7
2021-10-22 12:27:04,23.8,43.6
2021-10-22 12:28:02,23.8,43.6
2021-10-22 12:29:02,23.8,43.6
2021-10-22 12:30:04,23.8,43.6
2021-10-22 12:31:09,23.8,43.7
2021-10-22 12:32:02,23.8,43.7
2021-10-22 12:33:02,23.8,43.7
2021-10-22 12:34:02,23.8,43.8
2021-10-22 12:35:04,23.8,43.8
2021-10-22 12:36:15,23.8,43.8
2021-10-22 12:37:02,23.8,43.7
2021-10-22 12:38:01,23.8,43.7
2021-10-22 12:39:05,23.8,43.5
2021-10-22 12:40:02,23.8,43.5
2021-10-22 12:41:02,23.8,43.6
2021-10-22 12:42:02,23.8,43.4
2021-10-22 12:43:02,23.8,43.4
2021-10-22 12:44:04,23.8,43.4
2021-10-22 12:45:12,23.8,43.3
2021-10-22 12:46:02,23.8,43.3
2021-10-22 12:47:07,23.9,43.3
2021-10-22 12:48:02,23.8,43.3
2021-10-22 12:49:02,23.8,43.3
2021-10-22 12:50:09,23.8,43.2
2021-10-22 12:51:02,23.9,43.2
2021-10-22 12:52:01,23.9,43.3
2021-10-22 12:53:01,23.9,43.2
2021-10-22 12:54:02,23.9,43.3
2021-10-22 12:55:07,23.8,43.1
2021-10-22 12:56:02,23.9,43.1
2021-10-22 12:57:04,23.9,43.2
2021-10-22 12:58:01,23.8,43.1
2021-10-22 12:59:02,23.9,43.0
2021-10-22 13:00:05,23.9,43.1
2021-10-22 13:01:05,23.9,43.1
2021-10-22 13:02:02,23.9,43.1
2021-10-22 13:03:02,23.9,43.1
2021-10-22 13:04:02,23.9,43.2
2021-10-22 13:05:25,23.9,42.5
2021-10-22 13:06:04,23.9,42.9
2021-10-22 13:07:02,23.9,42.9
2021-10-22 13:08:02,23.9,43.1
2021-10-22 13:09:02,23.9,43.1
2021-10-22 13:10:04,23.9,43.1
2021-10-22 13:11:02,23.9,43.1
2021-10-22 13:12:02,23.8,42.9
2021-10-22 13:13:05,23.8,42.9
2021-10-22 13:14:01,23.9,43.0
2021-10-22 13:15:12,23.8,42.8
2021-10-22 13:16:02,23.8,42.8
2021-10-22 13:17:07,23.8,42.8
2021-10-22 13:18:02,23.8,42.8
2021-10-22 13:19:02,23.8,42.9
2021-10-22 13:20:24,23.7,42.7
2021-10-22 13:21:02,23.7,42.7
2021-10-22 13:22:02,23.7,42.7
2021-10-22 13:23:01,23.7,42.4
2021-10-22 13:24:02,23.7,42.3
2021-10-22 13:25:05,23.6,41.9
2021-10-22 13:26:02,23.6,
2021-10-22 13:27:02,23.6,42.3
2021-10-22 13:28:02,23.6,43.0
2021-10-22 13:29:02,23.6,44.3
2021-10-22 13:30:04,23.6,46.5
2021-10-22 13:31:02,23.6,46.5
2021-10-22 13:32:02,23.6,46.7
2021-10-22 13:33:02,23.6,47.2
2021-10-22 13:34:02,23.6,
2021-10-22 13:35:04,23.7,
2021-10-22 13:36:05,23.7,
2021-10-22 13:37:02,23.7,
2021-10-22 13:38:04,23.7,
2021-10-22 13:39:02,23.6,
2021-10-22 13:40:12,23.7,47.0
2021-10-22 13:41:02,23.6,46.9
2021-10-22 13:42:02,23.6,46.7
2021-10-22 13:43:04,23.6,46.6
2021-10-22 13:44:02,23.6,46.6
2021-10-22 13:45:12,,46.4
2021-10-22 13:46:02,23.6,46.4
2021-10-22 13:47:02,23.6,46.1
2021-10-22 13:48:02,23.5,46.0
2021-10-22 13:49:02,23.5,45.8
2021-10-22 13:50:04,23.5,45.9
2021-10-22 13:51:02,23.4,45.8
2021-10-22 13:52:02,23.4,46.1
2021-10-22 13:53:02,23.4,46.4
2021-10-22 13:54:01,23.4,46.0
2021-10-22 13:55:22,23.4,46.8
2021-10-22 13:56:05,23.4,46.8
2021-10-22 13:57:04,23.4,46.4
2021-10-22 13:58:01,23.4,46.4
2021-10-22 13:59:02,23.4,46.2
2021-10-22 14:00:10,23.3,46.4
2021-10-22 14:01:01,23.3,46.4
2021-10-22 14:02:04,23.3,46.4
2021-10-22 14:03:02,23.3,46.3
2021-10-22 14:04:02,23.3,46.0
2021-10-22 14:05:04,23.3,45.5
2021-10-22 14:06:02,23.3,45.5
2021-10-22 14:07:01,23.3,45.6
2021-10-22 14:08:02,23.3,45.6
2021-10-22 14:09:02,23.3,45.8
2021-10-22 14:10:17,23.2,45.8
2021-10-22 14:11:02,23.2,45.8
2021-10-22 14:12:01,23.2,46.1
2021-10-22 14:13:05,23.2,46.1
2021-10-22 14:14:02,23.2,46.0
2021-10-22 14:15:04,23.2,45.8
2021-10-22 14:16:02,23.2,45.8
2021-10-22 14:17:02,23.2,45.9
2021-10-22 14:18:01,23.2,45.9
2021-10-22 14:19:02,23.2,45.2
2021-10-22 14:20:27,23.2,45.6
2021-10-22 14:21:02,23.2,45.6
2021-10-22 14:22:02,23.2,45.4
2021-10-22 14:23:02,23.3,45.3
2021-10-22 14:24:07,23.2,45.0
2021-10-22 14:25:09,23.2,45.0
2021-10-22 14:26:02,23.3,45.1
2021-10-22 14:27:04,23.3,44.8
2021-10-22 14:28:01,23.3,44.8
2021-10-22 14:29:02,23.3,44.4
2021-10-22 14:30:20,23.3,44.8
2021-10-22 14:31:07,23.3,44.9
2021-10-22 14:32:01,23.3,45.0
2021-10-22 14:33:02,23.3,44.7
2021-10-22 14:34:02,23.3,45.0
2021-10-22 14:35:07,23.3,44.7
2021-10-22 14:36:02,23.3,44.7
2021-10-22 14:37:02,23.2,44.7
2021-10-22 14:38:07,23.2,44.1
2021-10-22 14:39:01,23.2,44.1
2021-10-22 14:40:06,23.2,44.7
2021-10-22 14:41:02,23.2,44.8
2021-10-22 14:42:02,23.3,44.7
2021-10-22 14:43:02,23.3,44.5
2021-10-22 14:44:02,23.3,44.5
2021-10-22 14:45:07,23.4,44.1
2021-10-22 14:46:02,23.3,44.1
2021-10-22 14:47:02,23.4,44.5
2021-10-22 14:48:02,23.4,43.8
2021-10-22 14:49:02,23.4,43.7
2021-10-22 14:50:04,23.4,44.2
2021-10-22 14:51:09,23.4,44.3
2021-10-22 14:52:05,23.4,44.1
2021-10-22 14:53:02,23.4,44.1
2021-10-22 14:54:01,23.4,44.6
2021-10-22 14:55:17,23.4,44.4
2021-10-22 14:56:01,23.4,44.4
2021-10-22 14:57:05,23.4,44.5
2021-10-22 14:58:01,23.4,44.5
2021-10-22 14:59:01,23.5,44.6
2021-10-22 15:00:05,23.5,44.9
2021-10-22 15:01:02,23.5,44.9
2021-10-22 15:02:02,23.5,44.8
2021-10-22 15:03:02,23.6,45.5
2021-10-22 15:04:02,23.5,45.0
2021-10-22 15:05:17,23.6,45.1
2021-10-22 15:06:02,23.6,45.1
2021-10-22 15:07:04,23.6,44.7
2021-10-22 15:08:05,23.6,45.3
2021-10-22 15:09:07,23.6,45.4
2021-10-22 15:10:09,23.6,45.1
2021-10-22 15:11:05,23.6,45.1
2021-10-22 15:12:10,23.6,45.0
2021-10-22 15:13:02,23.6,45.0
2021-10-22 15:14:01,23.6,44.8
2021-10-22 15:15:05,23.6,44.9
2021-10-22 15:16:04,23.6,44.9
2021-10-22 15:17:02,23.6,45.0
2021-10-22 15:18:02,23.6,45.0
2021-10-22 15:19:02,23.6,45.2
2021-10-22 15:20:04,23.6,45.2
2021-10-22 15:21:02,23.6,45.2
2021-10-22 15:22:02,23.6,44.7
2021-10-22 15:23:01,,45.0
2021-10-22 15:24:05,23.5,45.3
2021-10-22 15:25:14,23.5,45.0
2021-10-22 15:26:02,23.5,45.0
2021-10-22 15:27:02,23.5,45.0
2021-10-22 15:28:02,23.4,45.6
2021-10-22 15:29:02,23.4,45.1
2021-10-22 15:30:02,23.4,44.9
2021-10-22 15:31:02,23.4,45.1
2021-10-22 15:32:02,23.4,45.2
2021-10-22 15:33:02,23.3,45.1
2021-10-22 15:34:02,23.3,45.3
2021-10-22 15:35:04,23.2,45.1
2021-10-22 15:36:07,23.2,45.1
2021-10-22 15:37:02,23.2,45.1
2021-10-22 15:38:04,23.2,44.6
2021-10-22 15:39:02,23.2,44.7
2021-10-22 15:40:05,23.1,45.3
2021-10-22 15:41:04,23.1,45.2
2021-10-22 15:42:02,23.1,45.3
2021-10-22 15:43:02,23.1,45.3
2021-10-22 15:44:02,23.1,45.2
2021-10-22 15:45:04,23.0,44.8
2021-10-22 15:46:07,23.0,45.4
2021-10-22 15:47:07,23.0,45.3
2021-10-22 15:48:01,23.0,45.2
2021-10-22 15:49:02,23.0,45.3
2021-10-22 15:50:15,23.0,45.4
2021-10-22 15:51:02,23.0,45.3
2021-10-22 15:52:02,23.0,45.4
2021-10-22 15:53:02,22.9,45.0
2021-10-22 15:54:02,22.9,45.1
2021-10-22 15:55:04,22.9,45.0
2021-10-22 15:56:05,22.9,45.4
2021-10-22 15:57:02,22.9,45.4
2021-10-22 15:58:02,22.9,45.2
2021-10-22 15:59:02,22.9,45.1
2021-10-22 16:00:12,22.9,45.1
2021-10-22 16:01:07,22.9,45.3
2021-10-22 16:02:02,22.9,45.3
2021-10-22 16:03:02,22.9,45.2
2021-10-22 16:04:02,22.9,45.3
2021-10-22 16:05:04,22.9,45.2
2021-10-22 16:06:02,22.9,45.2
2021-10-22 16:07:02,22.9,44.9
2021-10-22 16:08:01,22.8,45.2
2021-10-22 16:09:02,22.8,45.0
2021-10-22 16:10:07,22.8,45.1
2021-10-22 16:11:02,22.8,45.0
2021-10-22 16:12:01,22.8,44.9
2021-10-22 16:13:02,22.8,45.1
2021-10-22 16:14:02,22.8,45.1
2021-10-22 16:15:02,22.8,45.0
2021-10-22 16:16:02,22.8,44.8
2021-10-22 16:17:02,22.7,44.8
2021-10-22 16:18:02,22.7,45.0
2021-10-22 16:19:02,22.7,44.9
2021-10-22 16:20:04,22.7,45.0
2021-10-22 16:21:02,22.7,45.0
2021-10-22 16:22:02,22.7,44.9
2021-10-22 16:23:02,22.7,45.0
2021-10-22 16:24:02,22.7,45.0
2021-10-22 16:25:04,22.7,44.5
2021-10-22 16:26:07,22.7,44.9
2021-10-22 16:27:01,22.7,44.9
2021-10-22 16:28:02,22.7,44.8
2021-10-22 16:29:02,22.7,45.0
2021-10-22 16:30:10,22.7,44.8
2021-10-22 16:31:01,22.7,44.9
2021-10-22 16:32:02,22.7,44.8
2021-10-22 16:33:01,22.6,44.9
2021-10-22 16:34:07,22.6,44.7
2021-10-22 16:35:05,22.7,44.8
2021-10-22 16:36:02,22.6,44.8
2021-10-22 16:37:01,22.6,44.7
2021-10-22 16:38:02,22.6,44.7
2021-10-22 16:39:02,22.6,44.8
2021-10-22 16:40:04,22.6,44.4
2021-10-22 16:41:02,22.6,44.5
2021-10-22 16:42:02,22.6,44.6
2021-10-22 16:43:02,22.6,44.5
2021-10-22 16:44:02,22.6,44.6
2021-10-22 16:45:07,22.6,44.5
2021-10-22 16:46:01,22.6,44.6
2021-10-22 16:47:02,22.6,44.6
2021-10-22 16:48:09,22.6,44.6
2021-10-22 16:49:01,22.6,44.6
2021-10-22 16:50:15,22.6,44.5
2021-10-22 16:51:02,22.6,44.5
2021-10-22 16:52:15,22.6,44.5
2021-10-22 16:53:02,22.6,44.5
2021-10-22 16:54:06,22.6,44.2
2021-10-22 16:55:04,22.6,44.4
2021-10-22 16:56:02,22.6,44.4
2021-10-22 16:57:02,22.6,44.5
2021-10-22 16:58:02,22.6,44.3
2021-10-22 16:59:07,22.6,44.4
2021-10-22 17:00:04,22.6,44.4
2021-10-22 17:01:02,22.6,44.4
2021-10-22 17:02:02,22.5,44.3
2021-10-22 17:03:02,22.6,44.2
2021-10-22 17:04:02,22.6,44.3
2021-10-22 17:05:17,22.6,44.4
2021-10-22 17:06:04,22.6,44.2
2021-10-22 17:07:05,22.6,44.5
2021-10-22 17:08:02,22.6,44.4
2021-10-22 17:09:04,22.6,44.2
2021-10-22 17:10:04,22.5,44.1
2021-10-22 17:11:02,22.5,44.1
2021-10-22 17:12:02,22.5,44.1
2021-10-22 17:13:05,22.5,44.2
2021-10-22 17:14:07,22.5,44.1
2021-10-22 17:15:12,22.5,44.3
2021-10-22 17:16:01,22.5,44.3
2021-10-22 17:17:02,22.6,44.1
2021-10-22 17:18:04,22.5,44.1
2021-10-22 17:19:02,22.5,44.1
2021-10-22 17:20:04,22.5,44.1
2021-10-22 17:21:09,22.5,44.2
2021-10-22 17:22:02,22.5,44.2
2021-10-22 17:23:02,22.6,44.1
2021-10-22 17:24:02,22.5,44.1
2021-10-22 17:25:22,22.5,44.1
2021-10-22 17:26:02,22.5,44.1
2021-10-22 17:27:05,22.5,44.1
2021-10-22 17:28:01,22.5,44.1
2021-10-22 17:29:01,22.5,44.1
2021-10-22 17:30:07,22.5,44.0
2021-10-22 17:31:02,22.5,44.0
2021-10-22 17:32:01,22.5,44.2
2021-10-22 17:33:05,22.5,44.1
2021-10-22 17:34:02,22.5,44.1
2021-10-22 17:35:04,22.5,43.9
2021-10-22 17:36:02,22.5,44.0
2021-10-22 17:37:02,22.5,44.1
2021-10-22 17:38:07,22.5,44.1
2021-10-22 17:39:01,22.5,44.1
2021-10-22 17:40:17,22.5,44.0
2021-10-22 17:41:02,22.5,44.1
2021-10-22 17:42:02,22.5,43.9
2021-10-22 17:43:02,22.5,43.9
2021-10-22 17:44:01,22.5,43.8
2021-10-22 17:45:04,22.5,44.0
2021-10-22 17:46:02,22.5,43.9
2021-10-22 17:47:01,22.5,43.9
2021-10-22 17:48:02,22.5,44.0
2021-10-22 17:49:05,22.4,44.0
2021-10-22 17:50:01,,
2021-10-22 17:51:02,22.4,44.0
2021-10-22 17:52:01,,43.9
2021-10-22 17:53:07,22.4,44.0
2021-10-22 17:54:02,22.4,44.0
2021-10-22 17:55:04,22.4,43.9
2021-10-22 17:56:02,22.4,44.0
2021-10-22 17:57:07,22.4,43.8
2021-10-22 17:58:02,22.4,43.8
2021-10-22 17:59:02,22.4,43.8
2021-10-22 18:00:17,22.4,43.8
2021-10-22 18:01:09,22.4,43.8
2021-10-22 18:02:02,22.4,43.8
2021-10-22 18:03:04,22.4,43.8
2021-10-22 18:04:01,22.4,43.8
2021-10-22 18:05:05,22.4,43.8
2021-10-22 18:06:02,22.4,43.8
2021-10-22 18:07:02,22.4,43.9
2021-10-22 18:08:01,22.4,43.8
2021-10-22 18:09:02,22.4,43.7
2021-10-22 18:10:05,22.4,43.7
2021-10-22 18:11:01,22.4,43.8
2021-10-22 18:12:02,22.4,43.7
2021-10-22 18:13:02,22.4,43.7
2021-10-22 18:14:02,22.4,43.8
2021-10-22 18:15:02,22.4,43.6
2021-10-22 18:16:02,22.4,43.8
2021-10-22 18:17:01,22.4,43.6
2021-10-22 18:18:01,22.4,43.5
2021-10-22 18:19:05,22.4,43.6
2021-10-22 18:20:07,22.4,43.6
2021-10-22 18:21:01,22.4,43.6
2021-10-22 18:22:01,22.4,43.6
2021-10-22 18:23:01,22.4,43.7
2021-10-22 18:24:02,22.4,43.5
2021-10-22 18:25:22,22.4,43.6
2021-10-22 18:26:02,22.4,43.6
2021-10-22 18:27:01,22.4,43.7
2021-10-22 18:28:02,22.4,43.5
2021-10-22 18:29:05,22.4,43.6
2021-10-22 18:30:02,22.4,43.6
2021-10-22 18:31:01,22.4,43.6
2021-10-22 18:32:02,22.4,43.4
2021-10-22 18:33:02,22.4,43.6
2021-10-22 18:34:02,22.4,43.5
2021-10-22 18:35:04,22.4,43.5
2021-10-22 18:36:02,22.4,43.5
2021-10-22 18:37:07,22.4,43.6
2021-10-22 18:38:01,22.4,43.6
2021-10-22 18:39:02,22.4,43.3
2021-10-22 18:40:10,22.4,43.5
2021-10-22 18:41:02,22.4,43.5
2021-10-22 18:42:02,22.4,43.5
2021-10-22 18:43:01,22.3,43.5
2021-10-22 18:44:02,22.3,43.5
2021-10-22 18:45:07,22.3,43.5
2021-10-22 18:46:07,22.4,43.5
2021-10-22 18:47:02,22.4,43.5
2021-10-22 18:48:02,22.4,43.3
2021-10-22 18:49:02,22.4,43.5
2021-10-22 18:50:22,22.4,43.5
2021-10-22 18:51:02,22.4,43.5
2021-10-22 18:52:02,22.4,43.4
2021-10-22 18:53:02,22.3,43.4
2021-10-22 18:54:02,22.3,43.4
2021-10-22 18:55:17,22.4,43.5
2021-10-22 18:56:01,22.4,43.5
2021-10-22 18:57:04,22.3,43.4
2021-10-22 18:58:02,22.3,43.4
2021-10-22 18:59:05,22.3,43.3
2021-10-22 19:00:07,22.3,43.3
2021-10-22 19:01:01,22.3,43.3
2021-10-22 19:02:01,22.3,43.5
2021-10-22 19:03:02,22.3,43.2
2021-10-22 19:04:02,22.3,43.2
2021-10-22 19:05:04,22.4,43.4
2021-10-22 19:06:05,22.3,43.2
2021-10-22 19:07:04,22.3,43.2
2021-10-22 19:08:02,22.3,43.2
2021-10-22 19:09:07,22.3,43.3
2021-10-22 19:10:02,22.4,43.2
2021-10-22 19:11:01,22.3,43.2
2021-10-22 19:12:02,22.4,43.3
2021-10-22 19:13:02,22.3,43.3
2021-10-22 19:14:02,22.4,43.2
2021-10-22 19:15:12,22.4,43.2
2021-10-22 19:16:02,22.4,43.2
2021-10-22 19:17:04,22.4,43.3
2021-10-22 19:18:01,22.4,43.3
2021-10-22 19:19:02,22.4,43.1
2021-10-22 19:20:15,22.4,43.0
2021-10-22 19:21:02,22.4,43.0
2021-10-22 19:22:05,22.4,43.1
2021-10-22 19:23:02,22.4,43.1
2021-10-22 19:24:01,22.4,43.0
2021-10-22 19:25:02,22.4,42.9
2021-10-22 19:26:09,22.4,43.2
2021-10-22 19:27:02,22.4,43.2
2021-10-22 19:28:02,22.4,43.2
2021-10-22 19:29:02,22.3,42.9
2021-10-22 19:30:02,22.3,43.0
2021-10-22 19:31:07,22.3,43.0
2021-10-22 19:32:02,22.3,43.0
2021-10-22 19:33:04,22.3,43.1
2021-10-22 19:34:02,22.3,43.1
2021-10-22 19:35:04,22.3,43.1
2021-10-22 19:36:07,22.3,43.2
2021-10-22 19:37:04,22.3,43.1
2021-10-22 19:38:02,22.3,43.1
2021-10-22 19:39:02,22.3,43.1
2021-10-22 19:40:07,22.3,43.3
2021-10-22 19:41:01,22.3,43.2
2021-10-22 19:42:01,22.3,43.0
2021-10-22 19:43:07,22.3,43.1
2021-10-22 19:44:02,22.3,43.1
2021-10-22 19:45:20,22.3,43.1
2021-10-22 19:46:01,22.3,42.8
2021-10-22 19:47:05,22.3,43.1
2021-10-22 19:48:04,22.3,43.0
2021-10-22 19:49:02,22.3,43.0
2021-10-22 19:50:17,22.3,42.9
2021-10-22 19:51:02,22.3,42.9
2021-10-22 19:52:02,22.3,43.0
2021-10-22 19:53:04,22.3,43.0
2021-10-22 19:54:02,22.3,43.0
2021-10-22 19:55:09,22.3,42.9
2021-10-22 19:56:07,22.3,43.0
2021-10-22 19:57:01,22.3,43.0
2021-10-22 19:58:02,22.3,42.9
2021-10-22 19:59:10,22.3,42.9
2021-10-22 20:00:04,22.3,42.9
2021-10-22 20:01:02,22.3,42.9
2021-10-22 20:02:02,22.3,43.1
2021-10-22 20:03:02,22.3,42.9
2021-10-22 20:04:02,22.3,42.9
2021-10-22 20:05:04,22.3,43.1
2021-10-22 20:06:02,22.3,43.1
2021-10-22 20:07:01,22.3,42.9
2021-10-22 20:08:02,22.3,42.7
2021-10-22 20:09:07,22.3,42.9
2021-10-22 20:10:04,22.3,42.9
2021-10-22 20:11:04,22.3,43.0
2021-10-22 20:12:02,22.3,43.0
2021-10-22 20:13:02,22.3,42.9
2021-10-22 20:14:02,22.3,42.9
2021-10-22 20:15:04,22.3,43.0
2021-10-22 20:16:02,22.3,43.0
2021-10-22 20:17:02,22.3,42.8
2021-10-22 20:18:02,22.3,42.8
2021-10-22 20:19:02,22.3,42.7
2021-10-22 20:20:14,22.3,42.7
2021-10-22 20:21:02,22.3,42.7
2021-10-22 20:22:01,22.3,42.9
2021-10-22 20:23:02,22.3,42.9
2021-10-22 20:24:05,22.3,42.7
2021-10-22 20:25:02,22.3,42.7
2021-10-22 20:26:02,22.3,42.9
2021-10-22 20:27:07,22.3,42.7
2021-10-22 20:28:07,22.3,42.9
2021-10-22 20:29:02,22.3,42.9
2021-10-22 20:30:04,22.3,42.9
2021-10-22 20:31:01,22.3,42.9
2021-10-22 20:32:01,22.3,42.9
2021-10-22 20:33:02,22.3,42.9
2021-10-22 20:34:02,22.3,42.8
2021-10-22 20:35:04,22.3,42.8
2021-10-22 20:36:01,22.2,42.7
2021-10-22 20:37:02,22.2,42.7
2021-10-22 20:38:02,22.2,42.8
2021-10-22 20:39:02,22.3,42.9
2021-10-22 20:40:22,22.3,42.7
2021-10-22 20:41:02,22.2,42.6
2021-10-22 20:42:04,22.3,42.8
2021-10-22 20:43:04,22.3,42.8
2021-10-22 20:44:02,22.3,42.9
2021-10-22 20:45:22,22.3,42.8
2021-10-22 20:46:02,22.3,42.8
2021-10-22 20:47:02,22.3,42.9
2021-10-22 20:48:05,22.3,42.6
2021-10-22 20:49:01,22.3,42.6
2021-10-22 20:50:05,22.3,42.7
2021-10-22 20:51:02,22.3,42.7
2021-10-22 20:52:02,22.3,42.9
2021-10-22 20:53:02,22.3,42.6
2021-10-22 20:54:01,22.3,42.8
2021-10-22 20:55:02,22.3,42.7
2021-10-22 20:56:02,22.3,42.8
2021-10-22 20:57:02,22.3,42.5
2021-10-22 20:58:02,22.3,42.6
2021-10-22 20:59:02,22.3,42.6
2021-10-22 21:00:04,22.3,42.5
2021-10-22 21:01:05,22.3,42.5
2021-10-22 21:02:02,22.4,42.5
2021-10-22 21:03:01,22.3,42.3
2021-10-22 21:04:02,22.3,42.5
2021-10-22 21:05:12,22.3,42.6
2021-10-22 21:06:05,22.3,42.8
2021-10-22 21:07:02,22.3,42.9
2021-10-22 21:08:02,22.3,42.3
2021-10-22 21:09:01,22.3,42.5
2021-10-22 21:10:09,22.3,42.5
2021-10-22 21:11:02,22.2,42.5
2021-10-22 21:12:07,22.3,43.0
2021-10-22 21:13:01,22.3,43.0
2021-10-22 21:14:01,22.3,42.6
2021-10-22 21:15:02,22.3,42.6
2021-10-22 21:16:02,22.3,42.6
2021-10-22 21:17:01,22.2,42.7
2021-10-22 21:18:02,22.2,42.5
2021-10-22 21:19:02,22.2,42.6
2021-10-22 21:20:04,22.2,42.7
2021-10-22 21:21:02,22.2,42.7
2021-10-22 21:22:02,22.2,42.0
2021-10-22 21:23:02,22.2,42.5
2021-10-22 21:24:02,22.2,42.6
2021-10-22 21:25:01,22.2,42.7
2021-10-22 21:26:02,22.2,42.7
2021-10-22 21:27:02,22.2,42.7
2021-10-22 21:28:04,22.2,42.6
2021-10-22 21:29:02,22.2,42.6
2021-10-22 21:30:02,22.2,
2021-10-22 21:31:02,22.2,42.5
2021-10-22 21:32:02,22.2,42.6
2021-10-22 21:33:07,22.2,42.7
2021-10-22 21:34:04,22.2,42.9
2021-10-22 21:35:17,22.2,42.7
2021-10-22 21:36:02,22.2,42.7
2021-10-22 21:37:02,22.2,42.7
2021-10-22 21:38:01,22.2,42.7
2021-10-22 21:39:01,22.2,42.7
2021-10-22 21:40:17,22.2,42.5
2021-10-22 21:41:05,22.2,42.6
2021-10-22 21:42:02,22.2,42.6
2021-10-22 21:43:02,22.1,42.6
2021-10-22 21:44:02,22.2,42.7
2021-10-22 21:45:04,22.2,42.5
2021-10-22 21:46:04,22.1,42.4
2021-10-22 21:47:01,22.1,42.5
2021-10-22 21:48:02,22.1,42.6
2021-10-22 21:49:02,22.1,42.7
2021-10-22 21:50:04,22.1,42.4
2021-10-22 21:51:02,22.1,42.4
2021-10-22 21:52:02,22.1,42.7
2021-10-22 21:53:07,22.1,42.8
2021-10-22 21:54:02,22.1,42.8
2021-10-22 21:55:07,22.1,42.8
2021-10-22 21:56:02,22.1,42.9
2021-10-22 21:57:04,22.2,42.8
2021-10-22 21:58:02,22.2,42.8
2021-10-22 21:59:02,22.2,42.6
2021-10-22 22:00:07,22.2,42.7
2021-10-22 22:01:04,22.2,42.7
2021-10-22 22:02:02,22.2,42.7
2021-10-22 22:03:02,22.2,42.7
2021-10-22 22:04:01,22.2,42.8
2021-10-22 22:05:20,22.2,42.5
2021-10-22 22:06:02,22.2,42.5
2021-10-22 22:07:02,22.2,42.6
2021-10-22 22:08:02,22.2,42.7
2021-10-22 22:09:02,22.2,42.7
2021-10-22 22:10:24,22.2,42.7
2021-10-22 22:11:02,22.2,42.6
2021-10-22 22:12:01,22.2,42.7
2021-10-22 22:13:02,22.2,42.7
2021-10-22 22:14:10,22.2,42.5
2021-10-22 22:15:02,22.2,42.5
2021-10-22 22:16:02,22.2,42.7
2021-10-22 22:17:01,22.2,42.7
2021-10-22 22:18:02,22.2,42.6
2021-10-22 22:19:02,22.2,42.6
2021-10-22 22:20:09,22.2,42.5
2021-10-22 22:21:01,22.2,42.5
2021-10-22 22:22:01,22.1,42.6
2021-10-22 22:23:02,22.2,42.7
2021-10-22 22:24:02,22.2,42.7
2021-10-22 22:25:20,22.1,42.4
2021-10-22 22:26:01,22.2,42.5
2021-10-22 22:27:02,22.1,42.4
2021-10-22 22:28:02,22.2,42.8
2021-10-22 22:29:02,22.2,42.7
2021-10-22 22:30:02,22.2,42.7
2021-10-22 22:31:02,22.2,42.5
2021-10-22 22:32:01,22.2,42.7
2021-10-22 22:33:01,22.2,42.6
2021-10-22 22:34:02,22.1,42.4
2021-10-22 22:35:02,22.2,42.6
2021-10-22 22:36:02,22.1,42.6
2021-10-22 22:37:02,22.1,42.5
2021-10-22 22:38:02,22.1,42.6
2021-10-22 22:39:02,22.1,42.7
2021-10-22 22:40:14,22.2,42.7
2021-10-22 22:41:02,22.2,42.7
2021-10-22 22:42:05,22.2,42.7
2021-10-22 22:43:04,22.2,42.8
2021-10-22 22:44:02,22.2,42.8
2021-10-22 22:45:17,22.2,42.9
2021-10-22 22:46:07,22.2,42.8
2021-10-22 22:47:02,22.2,42.8
2021-10-22 22:48:02,22.2,43.0
2021-10-22 22:49:01,22.2,42.9
2021-10-22 22:50:20,22.2,43.0
2021-10-22 22:51:09,22.2,43.0
2021-10-22 22:52:02,22.2,43.0
2021-10-22 22:53:02,22.2,43.0
2021-10-22 22:54:04,22.2,43.1
2021-10-22 22:55:09,22.2,43.2
2021-10-22 22:56:02,22.2,43.2
2021-10-22 22:57:01,22.2,43.3
2021-10-22 22:58:05,22.2,43.3
2021-10-22 22:59:02,22.2,43.3
2021-10-22 23:00:04,22.1,43.3
2021-10-22 23:01:02,22.2,43.4
2021-10-22 23:02:02,22.2,43.3
2021-10-22 23:03:02,22.2,43.3
2021-10-22 23:04:02,22.1,43.4
2021-10-22 23:05:19,22.1,43.4
2021-10-22 23:06:02,22.2,43.4
2021-10-22 23:07:02,22.2,43.4
2021-10-22 23:08:02,22.1,43.4
2021-10-22 23:09:04,22.1,43.4
2021-10-22 23:10:17,22.1,43.5
2021-10-22 23:11:02,22.1,43.5
2021-10-22 23:12:01,22.1,43.5
2021-10-22 23:13:02,22.1,43.5
2021-10-22 23:14:02,22.1,43.6
2021-10-22 23:15:12,22.1,43.6
2021-10-22 23:16:02,22.1,
2021-10-22 23:17:02,22.1,43.6
2021-10-22 23:18:04,22.1,43.7
2021-10-22 23:19:02,22.1,43.7
2021-10-22 23:20:15,22.1,43.7
2021-10-22 23:21:02,22.1,43.7
2021-10-22 23:22:04,22.1,43.8
2021-10-22 23:23:02,,43.8
2021-10-22 23:24:02,,43.7
2021-10-22 23:25:05,,43.8
2021-10-22 23:26:05,,43.8
2021-10-22 23:27:02,22.0,43.8
2021-10-22 23:28:02,,43.8
2021-10-22 23:29:02,,43.8
2021-10-22 23:30:07,22.0,43.8
2021-10-22 23:31:01,22.0,43.8
2021-10-22 23:32:02,22.0,43.7
2021-10-22 23:33:05,22.0,43.8
2021-10-22 23:34:02,22.0,43.8
2021-10-22 23:35:04,22.0,43.9
2021-10-22 23:36:02,22.0,43.9
2021-10-22 23:37:04,22.0,43.9
2021-10-22 23:38:01,22.0,43.9
2021-10-22 23:39:05,22.0,43.9
2021-10-22 23:40:09,22.0,43.9
2021-10-22 23:41:02,22.0,43.9
2021-10-22 23:42:02,22.0,44.0
2021-10-22 23:43:02,22.0,43.9
2021-10-22 23:44:02,22.0,44.0
2021-10-22 23:45:07,22.0,44.0
2021-10-22 23:46:02,22.0,44.0
2021-10-22 23:47:01,22.0,44.0
2021-10-22 23:48:05,22.0,44.0
2021-10-22 23:49:12,22.0,44.0
2021-10-22 23:50:12,22.0,44.0
2021-10-22 23:51:02,22.0,44.0
2021-10-22 23:52:04,22.0,44.0
2021-10-22 23:53:01,22.0,44.0
2021-10-22 23:54:02,22.0,44.0
2021-10-22 23:55:05,22.0,44.0
2021-10-22 23:56:02,22.0,44.0
2021-10-22 23:57:02,22.0,44.0
2021-10-22 23:58:02,22.0,44.1
2021-10-22 23:59:02,22.0,44.1
2021-10-23 00:00:04,22.0,44.0
2021-10-23 00:01:02,22.0,44.0
2021-10-23 00:02:02,22.0,44.0
2021-10-23 00:03:02,22.0,44.0
2021-10-23 00:04:07,22.0,44.0
2021-10-23 00:05:09,22.0,44.0
2021-10-23 00:06:02,22.0,44.0
2021-10-23 00:07:02,22.0,44.0
2021-10-23 00:08:01,22.0,44.0
2021-10-23 00:09:02,22.0,43.9
2021-10-23 00:10:05,22.0,44.0
2021-10-23 00:11:01,22.0,44.0
2021-10-23 00:12:02,22.0,44.0
2021-10-23 00:13:02,22.0,44.0
2021-10-23 00:14:02,22.0,44.0
2021-10-23 00:15:14,22.0,43.9
2021-10-23 00:16:05,22.0,43.8
2021-10-23 00:17:07,22.0,44.0
2021-10-23 00:18:01,22.0,44.0
2021-10-23 00:19:02,22.0,43.9
2021-10-23 00:20:07,22.0,44.0
2021-10-23 00:21:05,22.0,44.0
2021-10-23 00:22:02,22.0,44.0
2021-10-23 00:23:04,22.0,44.0
2021-10-23 00:24:05,22.0,44.0
2021-10-23 00:25:14,22.0,44.0
2021-10-23 00:26:02,22.0,44.0
2021-10-23 00:27:01,22.0,44.0
2021-10-23 00:28:05,22.0,44.0
2021-10-23 00:29:02,22.0,44.0
2021-10-23 00:30:04,22.0,44.0
2021-10-23 00:31:02,21.9,44.0
2021-10-23 00:32:02,22.0,44.1
2021-10-23 00:33:02,21.9,44.1
2021-10-23 00:34:02,21.9,44.1
2021-10-23 00:35:04,21.9,44.1
2021-10-23 00:36:02,21.9,44.1
2021-10-23 00:37:02,22.0,44.1
2021-10-23 00:38:01,21.9,44.1
2021-10-23 00:39:02,21.9,44.1
2021-10-23 00:40:05,21.9,44.1
2021-10-23 00:41:12,21.9,44.1
2021-10-23 00:42:02,21.9,44.1
2021-10-23 00:43:01,21.9,44.1
2021-10-23 00:44:02,21.9,44.1
2021-10-23 00:45:10,21.9,44.2
2021-10-23 00:46:01,21.9,44.2
2021-10-23 00:47:01,21.9,44.1
2021-10-23 00:48:05,21.9,44.2
2021-10-23 00:49:12,21.9,44.2
2021-10-23 00:50:02,21.9,44.1
2021-10-23 00:51:02,21.9,44.2
2021-10-23 00:52:02,21.9,44.2
2021-10-23 00:53:02,21.9,44.1
2021-10-23 00:54:04,21.9,44.2
2021-10-23 00:55:25,21.9,44.2
2021-10-23 00:56:02,21.9,44.2
2021-10-23 00:57:02,21.9,44.2
2021-10-23 00:58:02,21.9,44.2
2021-10-23 00:59:02,21.9,44.3
2021-10-23 01:00:24,21.9,44.2
2021-10-23 01:01:02,21.9,44.2
2021-10-23 01:02:02,21.9,44.3
2021-10-23 01:03:02,21.9,44.3
2021-10-23 01:04:02,21.9,44.3
2021-10-23 01:05:14,21.9,44.3
2021-10-23 01:06:05,21.9,44.3
2021-10-23 01:07:02,21.9,44.3
2021-10-23 01:08:02,21.9,44.2
2021-10-23 01:09:02,21.9,44.3
2021-10-23 01:10:24,21.9,44.3
2021-10-23 01:11:05,21.9,44.3
2021-10-23 01:12:02,21.9,44.3
2021-10-23 01:13:05,21.9,44.3
2021-10-23 01:14:04,21.9,44.3
2021-10-23 01:15:25,21.9,44.3
2021-10-23 01:16:04,21.9,44.3
2021-10-23 01:17:01,21.9,44.3
2021-10-23 01:18:01,21.9,44.3
2021-10-23 01:19:05,21.9,44.3
2021-10-23 01:20:04,21.9,44.3
2021-10-23 01:21:02,21.9,44.3
2021-10-23 01:22:02,21.9,44.3
2021-10-23 01:23:02,21.9,44.3
2021-10-23 01:24:09,21.9,44.3
2021-10-23 01:25:15,21.9,44.3
2021-10-23 01:26:02,21.9,44.3
2021-10-23 01:27:02,21.9,44.3
2021-10-23 01:28:02,21.9,44.3
2021-10-23 01:29:02,21.9,44.3
2021-10-23 01:30:12,21.9,44.3
2021-10-23 01:31:02,21.9,44.3
2021-10-23 01:32:02,21.9,44.3
2021-10-23 01:33:02,21.9,44.3
2021-10-23 01:34:01,21.9,44.3
2021-10-23 01:35:22,21.9,44.3
2021-10-23 01:36:01,21.9,44.3
2021-10-23 01:37:02,21.9,44.3
2021-10-23 01:38:01,21.9,44.3
2021-10-23 01:39:01,21.9,44.3
2021-10-23 01:40:20,21.9,44.3
2021-10-23 01:41:02,21.9,44.3
2021-10-23 01:42:02,21.9,44.3
2021-10-23 01:43:02,21.9,44.2
2021-10-23 01:44:04,21.9,44.3
2021-10-23 01:45:30,21.9,44.2
2021-10-23 01:46:02,21.9,44.2
2021-10-23 01:47:01,21.9,44.1
2021-10-23 01:48:02,21.9,44.2
2021-10-23 01:49:10,21.9,44.1
2021-10-23 01:50:02,21.9,44.1
2021-10-23 01:51:02,21.9,44.1
2021-10-23 01:52:02,21.9,44.1
2021-10-23 01:53:12,21.9,44.0
2021-10-23 01:54:02,21.9,44.0
2021-10-23 01:55:17,21.9,44.0
2021-10-23 01:56:07,21.9,44.0
2021-10-23 01:57:02,21.9,44.0
2021-10-23 01:58:02,21.9,44.0
2021-10-23 01:59:01,21.9,44.0
2021-10-23 02:00:02,,44.0
2021-10-23 02:01:02,21.9,44.1
2021-10-23 02:02:04,21.9,44.1
2021-10-23 02:03:02,21.9,44.1
2021-10-23 02:04:04,21.9,44.1
2021-10-23 02:05:12,21.9,44.1
2021-10-23 02:06:02,21.9,44.1
2021-10-23 02:07:02,21.9,44.1
2021-10-23 02:08:01,21.9,44.0
2021-10-23 02:09:01,21.9,44.1
2021-10-23 02:10:10,21.8,44.0
2021-10-23 02:11:04,21.9,44.2
2021-10-23 02:12:02,21.9,44.2
2021-10-23 02:13:02,21.9,44.0
2021-10-23 02:14:02,21.9,44.1
2021-10-23 02:15:14,21.9,44.1
2021-10-23 02:16:01,21.9,44.0
2021-10-23 02:17:04,21.8,44.0
2021-10-23 02:18:01,21.8,44.0
2021-10-23 02:19:07,21.8,44.0
2021-10-23 02:20:15,21.8,44.0
2021-10-23 02:21:02,21.8,44.0
2021-10-23 02:22:02,21.8,43.8
2021-10-23 02:23:02,21.8,44.0
2021-10-23 02:24:02,21.8,44.1
2021-10-23 02:25:17,21.8,44.1
2021-10-23 02:26:01,21.8,44.1
2021-10-23 02:27:02,21.8,44.1
2021-10-23 02:28:02,21.8,44.1
2021-10-23 02:29:02,21.8,44.1
2021-10-23 02:30:02,,44.0
2021-10-23 02:31:02,21.8,44.1
2021-10-23 02:32:01,21.8,44.0
2021-10-23 02:33:02,21.8,44.0
2021-10-23 02:34:02,21.8,44.0
2021-10-23 02:35:15,21.8,
2021-10-23 02:36:01,21.8,43.9
2021-10-23 02:37:02,21.8,43.9
2021-10-23 02:38:02,21.8,44.0
2021-10-23 02:39:02,21.8,43.9
2021-10-23 02:40:04,21.8,44.0
2021-10-23 02:41:02,21.8,44.0
2021-10-23 02:42:02,21.8,43.9
2021-10-23 02:43:02,21.8,44.0
2021-10-23 02:44:02,21.8,43.9
2021-10-23 02:45:04,21.8,44.0
2021-10-23 02:46:02,21.8,44.0
2021-10-23 02:47:02,21.8,44.0
2021-10-23 02:48:02,21.8,44.0
2021-10-23 02:49:02,21.7,43.9
2021-10-23 02:50:09,21.8,44.0
2021-10-23 02:51:02,21.8,44.0
2021-10-23 02:52:02,21.7,43.9
2021-10-23 02:53:01,21.8,44.0
2021-10-23 02:54:02,21.7,44.0
2021-10-23 02:55:05,21.7,44.0
2021-10-23 02:56:01,21.7,44.0
2021-10-23 02:57:02,21.7,43.9
2021-10-23 02:58:04,21.7,44.0
2021-10-23 02:59:02,21.7,44.0
2021-10-23 03:00:20,21.7,44.0
2021-10-23 03:01:04,21.8,44.1
2021-10-23 03:02:02,21.7,44.0
2021-10-23 03:03:02,21.7,44.0
2021-10-23 03:04:01,21.7,43.9
2021-10-23 03:05:04,21.7,44.0
2021-10-23 03:06:09,21.7,44.0
2021-10-23 03:07:10,21.7,43.9
2021-10-23 03:08:02,21.7,43.9
2021-10-23 03:09:01,21.7,44.0
2021-10-23 03:10:10,,44.0
2021-10-23 03:11:02,21.7,44.0
2021-10-23 03:12:01,21.7,44.0
2021-10-23 03:13:05,21.7,44.0
2021-10-23 03:14:02,21.7,44.0
2021-10-23 03:15:04,21.7,44.1
2021-10-23 03:16:04,21.7,44.1
2021-10-23 03:17:02,21.7,44.1
2021-10-23 03:18:02,21.7,44.0
2021-10-23 03:19:01,21.6,44.1
2021-10-23 03:20:01,21.6,44.0
2021-10-23 03:21:05,21.7,44.0
2021-10-23 03:22:02,21.7,44.1
2021-10-23 03:23:01,21.7,44.0
2021-10-23 03:24:02,21.6,44.1
2021-10-23 03:25:05,21.7,44.0
2021-10-23 03:26:02,21.7,44.0
2021-10-23 03:27:04,21.7,44.1
2021-10-23 03:28:02,21.7,44.1
2021-10-23 03:29:02,21.6,44.0
2021-10-23 03:30:15,21.7,44.0
2021-10-23 03:31:06,21.7,44.1
2021-10-23 03:32:02,21.7,44.1
2021-10-23 03:33:02,21.7,44.0
2021-10-23 03:34:02,,44.0
2021-10-23 03:35:22,,44.0
2021-10-23 03:36:02,,44.0
2021-10-23 03:37:02,,44.0
2021-10-23 03:38:02,,44.0
2021-10-23 03:39:02,,44.0
2021-10-23 03:40:11,21.6,44.0
2021-10-23 03:41:06,21.6,44.0
2021-10-23 03:42:02,21.6,44.0
2021-10-23 03:43:02,21.6,44.1
2021-10-23 03:44:02,21.6,44.1
2021-10-23 03:45:02,21.6,44.0
2021-10-23 03:46:02,21.6,44.1
2021-10-23 03:47:05,21.6,44.0
2021-10-23 03:48:02,21.6,44.0
2021-10-23 03:49:04,21.6,44.1
2021-10-23 03:50:04,21.6,44.1
2021-10-23 03:51:06,21.6,44.1
2021-10-23 03:52:04,21.6,44.2
2021-10-23 03:53:05,21.6,44.1
2021-10-23 03:54:02,21.6,44.1
2021-10-23 03:55:04,21.6,44.1
2021-10-23 03:56:02,21.6,44.1
2021-10-23 03:57:02,21.6,44.1
2021-10-23 03:58:02,21.6,44.1
2021-10-23 03:59:02,21.6,44.1
2021-10-23 04:00:19,21.6,44.1
2021-10-23 04:01:05,21.6,44.1
2021-10-23 04:02:02,21.6,44.1
2021-10-23 04:03:01,21.6,44.2
2021-10-23 04:04:02,21.6,44.2
2021-10-23 04:05:22,21.6,44.2
2021-10-23 04:06:02,21.6,44.2
2021-10-23 04:07:02,21.6,44.1
2021-10-23 04:08:02,21.6,44.1
2021-10-23 04:09:04,21.5,44.1
2021-10-23 04:10:12,21.6,44.1
2021-10-23 04:11:05,21.5,44.1
2021-10-23 04:12:02,21.5,44.2
2021-10-23 04:13:07,21.5,44.2
2021-10-23 04:14:01,21.5,44.2
2021-10-23 04:15:09,21.5,44.2
2021-10-23 04:16:09,21.5,44.1
2021-10-23 04:17:02,21.5,44.1
2021-10-23 04:18:02,21.5,44.2
2021-10-23 04:19:02,21.5,44.2
2021-10-23 04:20:14,21.5,44.2
2021-10-23 04:21:07,21.5,44.3
2021-10-23 04:22:02,21.5,44.2
2021-10-23 04:23:02,21.5,44.3
2021-10-23 04:24:02,21.5,44.3
2021-10-23 04:25:19,21.5,44.2
2021-10-23 04:26:02,21.5,44.2
2021-10-23 04:27:04,21.5,44.2
2021-10-23 04:28:02,21.5,44.2
2021-10-23 04:29:07,21.5,44.2
2021-10-23 04:30:12,21.5,44.2
2021-10-23 04:31:01,21.5,43.9
2021-10-23 04:32:02,21.5,44.2
2021-10-23 04:33:02,21.5,44.2
2021-10-23 04:34:02,21.5,44.2
2021-10-23 04:35:04,21.5,44.2
2021-10-23 04:36:07,21.5,44.2
2021-10-23 04:37:02,21.5,44.2
2021-10-23 04:38:02,21.5,44.2
2021-10-23 04:39:02,21.5,44.2
2021-10-23 04:40:19,21.5,44.1
2021-10-23 04:41:02,21.5,44.1
2021-10-23 04:42:02,21.5,44.2
2021-10-23 04:43:02,21.5,44.1
2021-10-23 04:44:02,21.5,44.1
2021-10-23 04:45:04,21.5,44.1
2021-10-23 04:46:02,21.5,44.1
2021-10-23 04:47:01,21.5,44.2
2021-10-23 04:48:02,21.5,44.1
2021-10-23 04:49:02,21.5,44.1
2021-10-23 04:50:05,21.5,44.2
2021-10-23 04:51:02,21.5,44.2
2021-10-23 04:52:02,21.5,44.1
2021-10-23 04:53:02,21.5,44.1
2021-10-23 04:54:02,21.5,44.1
2021-10-23 04:55:09,21.5,44.1
2021-10-23 04:56:04,21.5,44.1
2021-10-23 04:57:02,21.5,44.1
2021-10-23 04:58:02,21.6,44.2
2021-10-23 04:59:02,21.5,44.1
2021-10-23 05:00:19,21.5,44.0
2021-10-23 05:01:02,21.5,44.0
2021-10-23 05:02:02,21.5,44.1
2021-10-23 05:03:02,21.5,44.1
2021-10-23 05:04:02,21.5,44.1
2021-10-23 05:05:22,21.6,44.1
2021-10-23 05:06:04,21.6,44.0
2021-10-23 05:07:02,21.6,44.0
2021-10-23 05:08:02,21.6,44.0
2021-10-23 05:09:02,21.6,44.0
2021-10-23 05:10:12,21.6,44.0
2021-10-23 05:11:09,21.6,44.0
2021-10-23 05:12:04,21.6,44.0
2021-10-23 05:13:02,21.6,44.0
2021-10-23 05:14:02,21.6,44.0
2021-10-23 05:15:15,21.6,44.0
2021-10-23 05:16:04,21.6,44.0
2021-10-23 05:17:02,21.6,44.0
2021-10-23 05:18:02,21.6,44.0
2021-10-23 05:19:02,21.5,43.9
2021-10-23 05:20:22,21.5,43.9
2021-10-23 05:21:02,21.6,44.0
2021-10-23 05:22:01,21.6,44.0
2021-10-23 05:23:01,21.5,44.0
2021-10-23 05:24:02,21.6,44.0
2021-10-23 05:25:05,21.6,44.0
2021-10-23 05:26:05,21.6,44.1
2021-10-23 05:27:02,21.5,44.0
2021-10-23 05:28:02,21.6,44.0
2021-10-23 05:29:02,21.5,44.0
2021-10-23 05:30:04,21.5,44.0
2021-10-23 05:31:02,21.5,44.0
2021-10-23 05:32:02,21.5,43.9
2021-10-23 05:33:02,21.5,43.9
2021-10-23 05:34:01,21.5,43.9
2021-10-23 05:35:17,21.5,44.0
2021-10-23 05:36:01,21.5,44.0
2021-10-23 05:37:02,21.6,44.0
2021-10-23 05:38:04,21.5,44.0
2021-10-23 05:39:02,21.5,44.0
2021-10-23 05:40:04,21.5,43.9
2021-10-23 05:41:02,21.5,43.9
2021-10-23 05:42:02,21.5,43.9
2021-10-23 05:43:02,21.5,44.0
2021-10-23 05:44:04,21.5,43.9
2021-10-23 05:45:17,21.5,43.9
2021-10-23 05:46:02,21.5,43.8
2021-10-23 05:47:02,21.5,44.0
2021-10-23 05:48:02,21.5,43.9
2021-10-23 05:49:02,21.5,43.9
2021-10-23 05:50:07,21.5,43.9
2021-10-23 05:51:01,21.5,43.9
2021-10-23 05:52:01,21.5,43.9
2021-10-23 05:53:02,21.5,43.9
2021-10-23 05:54:02,21.5,43.9
2021-10-23 05:55:09,21.5,43.9
2021-10-23 05:56:01,21.5,43.9
2021-10-23 05:57:02,21.5,44.0
2021-10-23 05:58:05,21.5,44.0
2021-10-23 05:59:01,21.5,44.0
2021-10-23 06:00:05,21.5,44.0
2021-10-23 06:01:02,21.5,44.0
2021-10-23 06:02:02,21.5,44.0
2021-10-23 06:03:01,21.5,44.0
2021-10-23 06:04:01,21.5,44.0
2021-10-23 06:05:05,21.5,44.0
2021-10-23 06:06:01,21.5,44.0
2021-10-23 06:07:02,21.5,43.9
2021-10-23 06:08:02,21.5,43.9
2021-10-23 06:09:02,21.5,43.9
2021-10-23 06:10:22,21.5,43.9
2021-10-23 06:11:04,21.5,43.9
2021-10-23 06:12:02,21.5,43.9
2021-10-23 06:13:01,21.5,43.9
2021-10-23 06:14:02,21.5,43.9
2021-10-23 06:15:02,21.5,44.0
2021-10-23 06:16:01,21.5,43.9
2021-10-23 06:17:02,21.5,43.9
2021-10-23 06:18:02,21.5,43.9
2021-10-23 06:19:01,21.5,43.9
2021-10-23 06:20:14,21.5,43.9
2021-10-23 06:21:02,21.5,44.1
2021-10-23 06:22:01,21.5,43.9
2021-10-23 06:23:01,21.5,43.9
2021-10-23 06:24:02,21.5,43.9
2021-10-23 06:25:22,21.5,43.9
2021-10-23 06:26:02,21.5,43.9
2021-10-23 06:27:01,21.5,43.8
2021-10-23 06:28:02,21.5,43.9
2021-10-23 06:29:02,21.5,44.0
2021-10-23 06:30:04,21.5,43.9
2021-10-23 06:31:01,21.5,43.9
2021-10-23 06:32:04,21.5,43.9
2021-10-23 06:33:01,21.5,43.9
2021-10-23 06:34:02,21.5,43.9
2021-10-23 06:35:17,21.5,43.9
2021-10-23 06:36:02,21.5,43.9
2021-10-23 06:37:02,21.5,43.9
2021-10-23 06:38:02,21.5,43.9
2021-10-23 06:39:02,21.5,43.9
2021-10-23 06:40:17,21.4,43.9
2021-10-23 06:41:02,21.5,44.0
2021-10-23 06:42:02,21.5,43.9
2021-10-23 06:43:02,21.5,43.9
2021-10-23 06:44:02,21.5,43.9
2021-10-23 06:45:04,21.5,43.9
2021-10-23 06:46:07,21.5,43.8
2021-10-23 06:47:02,21.5,43.8
2021-10-23 06:48:04,21.5,43.8
2021-10-23 06:49:02,21.5,43.8
2021-10-23 06:50:04,21.5,43.8
2021-10-23 06:51:02,21.5,43.8
2021-10-23 06:52:02,21.5,43.8
2021-10-23 06:53:07,21.5,43.8
2021-10-23 06:54:02,21.5,43.8
2021-10-23 06:55:07,21.5,43.8
2021-10-23 06:56:12,21.5,43.8
2021-10-23 06:57:01,21.5,43.7
2021-10-23 06:58:02,21.5,43.8
2021-10-23 06:59:02,21.5,43.8
2021-10-23 07:00:20,21.5,43.8
2021-10-23 07:01:06,21.5,43.8
2021-10-23 07:02:01,21.5,43.8
2021-10-23 07:03:01,21.5,43.8
2021-10-23 07:04:05,21.5,43.8
2021-10-23 07:05:04,21.5,43.8
2021-10-23 07:06:02,21.5,43.8
2021-10-23 07:07:02,21.5,43.8
2021-10-23 07:08:02,21.5,43.8
2021-10-23 07:09:02,21.5,43.8
2021-10-23 07:10:22,21.5,43.8
2021-10-23 07:11:04,21.5,43.9
2021-10-23 07:12:02,21.5,43.9
2021-10-23 07:13:01,21.5,43.8
2021-10-23 07:14:02,21.5,43.8
2021-10-23 07:15:10,21.5,44.1
2021-10-23 07:16:01,21.5,43.8
2021-10-23 07:17:01,21.5,43.8
2021-10-23 07:18:04,21.5,43.8
2021-10-23 07:19:02,21.4,43.8
2021-10-23 07:20:04,21.4,43.9
2021-10-23 07:21:02,21.4,43.9
2021-10-23 07:22:01,21.4,43.8
2021-10-23 07:23:04,21.4,43.8
2021-10-23 07:24:02,21.4,43.8
2021-10-23 07:25:04,21.5,43.8
2021-10-23 07:26:05,21.5,43.9
2021-10-23 07:27:02,21.4,43.9
2021-10-23 07:28:02,21.4,43.8
2021-10-23 07:29:02,21.5,43.8
2021-10-23 07:30:19,21.4,43.8
2021-10-23 07:31:07,21.4,43.7
2021-10-23 07:32:02,21.4,43.7
2021-10-23 07:33:01,21.4,43.7
2021-10-23 07:34:01,21.4,43.8
2021-10-23 07:35:07,21.4,43.8
2021-10-23 07:36:02,21.4,43.8
2021-10-23 07:37:02,21.4,43.8
2021-10-23 07:38:02,21.5,43.8
2021-10-23 07:39:02,21.4,43.8
2021-10-23 07:40:09,21.5,43.8
2021-10-23 07:41:07,21.5,43.8
2021-10-23 07:42:02,21.5,43.8
2021-10-23 07:43:12,21.4,43.7
2021-10-23 07:44:02,21.4,43.7
2021-10-23 07:45:22,21.4,43.7
2021-10-23 07:46:06,21.4,43.8
2021-10-23 07:47:02,21.4,43.8
2021-10-23 07:48:01,21.4,43.7
2021-10-23 07:49:02,21.4,43.7
2021-10-23 07:50:05,21.5,43.8
2021-10-23 07:51:02,21.4,43.7
2021-10-23 07:52:01,21.4,43.7
2021-10-23 07:53:05,21.4,43.7
2021-10-23 07:54:02,21.4,43.7
2021-10-23 07:55:12,21.4,43.8
2021-10-23 07:56:01,21.4,43.8
2021-10-23 07:57:02,21.4,43.8
2021-10-23 07:58:02,21.4,43.7
2021-10-23 07:59:02,21.4,43.7
2021-10-23 08:00:19,21.4,43.7
2021-10-23 08:01:05,21.4,43.7
2021-10-23 08:02:02,21.4,43.7
2021-10-23 08:03:02,21.4,43.7
2021-10-23 08:04:02,21.4,43.7
2021-10-23 08:05:14,21.4,43.7
2021-10-23 08:06:02,21.4,43.7
2021-10-23 08:07:02,21.4,43.7
2021-10-23 08:08:07,21.5,43.8
2021-10-23 08:09:01,21.5,43.7
2021-10-23 08:10:05,21.4,43.7
2021-10-23 08:11:02,21.5,43.8
2021-10-23 08:12:02,21.5,43.7
2021-10-23 08:13:02,21.5,43.7
2021-10-23 08:14:02,21.5,43.7
2021-10-23 08:15:02,21.5,43.7
2021-10-23 08:16:02,21.5,43.7
2021-10-23 08:17:02,21.5,43.6
2021-10-23 08:18:02,21.5,43.7
2021-10-23 08:19:02,21.5,43.7
2021-10-23 08:20:07,21.5,43.6
2021-10-23 08:21:02,21.5,43.6
2021-10-23 08:22:02,21.5,43.6
2021-10-23 08:23:02,21.5,43.6
2021-10-23 08:24:02,21.5,43.6
2021-10-23 08:25:02,21.5,43.6
2021-10-23 08:26:02,21.5,43.6
2021-10-23 08:27:02,21.5,43.6
2021-10-23 08:28:02,21.5,43.6
2021-10-23 08:29:04,21.5,43.6
2021-10-23 08:30:02,21.5,43.2
2021-10-23 08:31:02,21.5,43.6
2021-10-23 08:32:01,21.5,43.5
2021-10-23 08:33:02,21.5,43.5
2021-10-23 08:34:02,21.5,43.5
2021-10-23 08:35:04,21.5,43.6
2021-10-23 08:36:01,21.5,43.6
2021-10-23 08:37:02,21.6,43.6
2021-10-23 08:38:01,21.5,43.5
2021-10-23 08:39:02,21.5,43.5
2021-10-23 08:40:05,21.5,43.5
2021-10-23 08:41:12,21.5,43.5
2021-10-23 08:42:01,21.5,43.5
2021-10-23 08:43:01,21.6,43.5
2021-10-23 08:44:05,21.6,43.5
2021-10-23 08:45:04,21.6,43.5
2021-10-23 08:46:04,21.6,43.5
2021-10-23 08:47:07,21.6,43.4
2021-10-23 08:48:01,21.6,43.4
2021-10-23 08:49:01,21.6,43.4
2021-10-23 08:50:10,21.6,43.2
2021-10-23 08:51:07,21.7,43.5
2021-10-23 08:52:02,21.7,43.3
2021-10-23 08:53:02,21.7,43.2
2021-10-23 08:54:02,21.7,43.3
2021-10-23 08:55:09,21.7,43.3
2021-10-23 08:56:01,21.7,43.2
2021-10-23 08:57:02,21.8,43.2
2021-10-23 08:58:02,21.8,43.2
2021-10-23 08:59:02,21.8,43.2
2021-10-23 09:00:04,21.8,43.1
2021-10-23 09:01:04,21.8,43.0
2021-10-23 09:02:02,21.8,43.0
2021-10-23 09:03:01,21.9,43.1
2021-10-23 09:04:01,21.9,43.0
2021-10-23 09:05:05,21.9,43.0
2021-10-23 09:06:12,21.9,42.9
2021-10-23 09:07:04,22.0,42.8
2021-10-23 09:08:02,22.0,42.8
2021-10-23 09:09:02,22.0,42.9
2021-10-23 09:10:09,22.0,42.7
2021-10-23 09:11:02,22.0,42.7
2021-10-23 09:12:02,22.0,42.5
2021-10-23 09:13:01,22.0,42.6
2021-10-23 09:14:02,22.1,42.6
2021-10-23 09:15:05,22.1,42.7
2021-10-23 09:16:01,22.1,42.6
2021-10-23 09:17:02,22.1,42.5
2021-10-23 09:18:01,22.1,42.4
2021-10-23 09:19:01,22.1,42.4
2021-10-23 09:20:05,22.2,42.4
2021-10-23 09:21:02,22.2,42.4
2021-10-23 09:22:02,22.2,42.2
2021-10-23 09:23:02,22.2,42.3
2021-10-23 09:24:02,22.2,42.2
2021-10-23 09:25:04,22.3,42.2
2021-10-23 09:26:02,22.3,42.2
2021-10-23 09:27:01,22.3,42.2
2021-10-23 09:28:02,22.3,42.2
2021-10-23 09:29:02,22.3,42.0
2021-10-23 09:30:20,22.3,42.0
2021-10-23 09:31:01,22.3,42.0
2021-10-23 09:32:01,22.3,42.0
2021-10-23 09:33:02,22.3,42.0
2021-10-23 09:34:02,22.4,41.9
2021-10-23 09:35:07,22.3,41.9
2021-10-23 09:36:02,22.4,41.9
2021-10-23 09:37:04,22.4,42.0
2021-10-23 09:38:05,22.4,42.0
2021-10-23 09:39:02,22.4,41.9
2021-10-23 09:40:04,22.4,41.8
2021-10-23 09:41:02,22.4,41.8
2021-10-23 09:42:01,22.4,41.9
2021-10-23 09:43:02,22.4,41.9
2021-10-23 09:44:05,22.4,41.8
2021-10-23 09:45:17,22.5,41.7
2021-10-23 09:46:01,22.5,41.6
2021-10-23 09:47:02,22.5,41.6
2021-10-23 09:48:02,22.5,41.6
2021-10-23 09:49:02,22.5,41.7
2021-10-23 09:50:07,22.5,41.7
2021-10-23 09:51:01,22.5,41.7
2021-10-23 09:52:02,22.5,41.7
2021-10-23 09:53:04,22.5,41.5
2021-10-23 09:54:02,22.4,41.5
2021-10-23 09:55:02,22.5,41.6
2021-10-23 09:56:02,22.4,41.6
2021-10-23 09:57:02,22.4,41.6
2021-10-23 09:58:02,22.4,41.7
2021-10-23 09:59:02,22.4,41.6
2021-10-23 10:00:09,22.4,41.5
2021-10-23 10:01:04,22.5,41.7
2021-10-23 10:02:04,22.5,41.7
2021-10-23 10:03:05,22.5,41.7
2021-10-23 10:04:04,22.5,41.6
2021-10-23 10:05:04,22.5,41.5
2021-10-23 10:06:10,22.5,41.5
2021-10-23 10:07:01,22.5,41.5
2021-10-23 10:08:02,22.5,41.5
2021-10-23 10:09:02,22.5,41.5
2021-10-23 10:10:04,22.5,41.3
2021-10-23 10:11:01,22.6,41.4
2021-10-23 10:12:02,22.5,41.5
2021-10-23 10:13:02,22.6,41.5
2021-10-23 10:14:02,22.5,41.3
2021-10-23 10:15:04,22.6,41.4
2021-10-23 10:16:05,22.6,41.6
2021-10-23 10:17:02,22.6,41.6
2021-10-23 10:18:01,22.6,41.4
2021-10-23 10:19:02,22.6,41.3
2021-10-23 10:20:15,22.6,41.4
2021-10-23 10:21:02,22.6,41.4
2021-10-23 10:22:02,22.6,41.4
2021-10-23 10:23:01,22.6,41.5
2021-10-23 10:24:02,22.6,41.4
2021-10-23 10:25:15,22.6,41.5
2021-10-23 10:26:02,22.6,41.4
2021-10-23 10:27:02,22.6,41.4
2021-10-23 10:28:01,22.6,41.4
2021-10-23 10:29:01,22.6,41.4
2021-10-23 10:30:20,22.7,41.5
2021-10-23 10:31:02,22.7,41.5
2021-10-23 10:32:02,22.7,41.5
2021-10-23 10:33:04,22.7,41.4
2021-10-23 10:34:02,22.7,41.4
2021-10-23 10:35:05,22.8,41.4
2021-10-23 10:36:02,22.8,41.4
2021-10-23 10:37:02,22.8,41.3
2021-10-23 10:38:01,22.8,41.3
2021-10-23 10:39:01,22.7,41.2
2021-10-23 10:40:05,22.8,41.3
2021-10-23 10:41:02,22.8,41.2
2021-10-23 10:42:04,22.8,41.1
2021-10-23 10:43:02,22.7,41.1
2021-10-23 10:44:05,22.7,41.3
2021-10-23 10:45:07,22.7,41.2
2021-10-23 10:46:01,22.7,41.2
2021-10-23 10:47:02,22.7,41.0
2021-10-23 10:48:09,22.8,41.2
2021-10-23 10:49:02,22.8,41.3
2021-10-23 10:50:05,22.8,41.3
2021-10-23 10:51:09,22.8,41.2
2021-10-23 10:52:10,22.8,41.2
2021-10-23 10:53:01,22.8,41.2
2021-10-23 10:54:01,22.8,41.2
2021-10-23 10:55:17,22.9,41.2
2021-10-23 10:56:05,22.9,41.2
2021-10-23 10:57:02,22.8,41.2
2021-10-23 10:58:01,22.9,41.2
2021-10-23 10:59:01,22.9,41.3
2021-10-23 11:00:12,22.9,41.1
2021-10-23 11:01:02,22.9,41.1
2021-10-23 11:02:02,22.9,41.1
2021-10-23 11:03:02,22.9,41.2
2021-10-23 11:04:02,22.9,41.1
2021-10-23 11:05:04,22.9,41.1
2021-10-23 11:06:02,22.9,41.1
2021-10-23 11:07:04,23.0,41.1
2021-10-23 11:08:02,22.9,41.1
2021-10-23 11:09:04,23.0,41.1
2021-10-23 11:10:15,22.9,41.0
2021-10-23 11:11:02,23.0,41.1
2021-10-23 11:12:04,23.0,41.1
2021-10-23 11:13:02,23.0,41.1
2021-10-23 11:14:02,23.0,41.1
2021-10-23 11:15:04,22.9,41.0
2021-10-23 11:16:02,22.9,41.0
2021-10-23 11:17:07,22.9,41.4
2021-10-23 11:18:01,22.9,40.9
2021-10-23 11:19:02,22.9,40.8
2021-10-23 11:20:05,22.9,40.9
2021-10-23 11:21:09,22.9,40.9
2021-10-23 11:22:02,22.8,40.8
2021-10-23 11:23:02,22.9,40.9
2021-10-23 11:24:02,22.8,40.9
2021-10-23 11:25:12,22.8,40.8
2021-10-23 11:26:01,22.8,40.8
2021-10-23 11:27:02,22.8,40.8
2021-10-23 11:28:02,22.8,40.9
2021-10-23 11:29:02,22.8,40.9
2021-10-23 11:30:04,22.8,41.2
2021-10-23 11:31:02,22.8,41.2
2021-10-23 11:32:01,22.8,41.0
2021-10-23 11:33:05,22.8,41.2
2021-10-23 11:34:02,22.8,41.2
2021-10-23 11:35:14,22.8,
2021-10-23 11:36:04,22.8,41.1
2021-10-23 11:37:02,22.8,41.1
2021-10-23 11:38:07,22.7,41.1
2021-10-23 11:39:12,22.8,41.0
2021-10-23 11:40:02,22.7,40.9
2021-10-23 11:41:05,22.8,41.1
2021-10-23 11:42:02,22.8,41.1
2021-10-23 11:43:02,22.8,41.1
2021-10-23 11:44:04,22.8,40.8
2021-10-23 11:45:04,22.8,41.0
2021-10-23 11:46:07,22.8,40.9
2021-10-23 11:47:02,22.8,40.8
2021-10-23 11:48:02,22.8,40.8
2021-10-23 11:49:02,22.8,40.9
2021-10-23 11:50:17,22.8,40.8
2021-10-23 11:51:02,22.8,40.8
2021-10-23 11:52:02,22.8,41.0
2021-10-23 11:53:01,22.8,41.2
2021-10-23 11:54:05,22.8,41.3
2021-10-23 11:55:12,22.9,41.1
2021-10-23 11:56:02,22.9,41.1
2021-10-23 11:57:02,22.9,41.1
2021-10-23 11:58:02,22.9,41.1
2021-10-23 11:59:02,22.9,40.8
2021-10-23 12:00:01,22.8,40.9
2021-10-23 12:01:04,22.8,40.8
2021-10-23 12:02:02,22.8,40.8
2021-10-23 12:03:02,22.8,40.7
2021-10-23 12:04:01,22.8,41.0
2021-10-23 12:05:14,22.8,40.9
2021-10-23 12:06:02,22.8,40.9
2021-10-23 12:07:02,22.8,40.7
2021-10-23 12:08:05,22.8,40.9
2021-10-23 12:09:04,22.8,40.9
2021-10-23 12:10:04,22.8,41.1
2021-10-23 12:11:01,22.8,41.1
2021-10-23 12:12:02,22.8,41.0
2021-10-23 12:13:02,22.8,40.9
2021-10-23 12:14:02,22.8,41.1
2021-10-23 12:15:07,22.8,41.2
2021-10-23 12:16:02,22.8,41.2
2021-10-23 12:17:02,22.8,41.0
2021-10-23 12:18:02,22.8,40.9
2021-10-23 12:19:02,22.8,40.8
2021-10-23 12:20:12,22.8,40.8
2021-10-23 12:21:02,22.8,40.8
2021-10-23 12:22:02,22.8,40.8
2021-10-23 12:23:02,22.8,40.8
2021-10-23 12:24:02,22.8,40.8
2021-10-23 12:25:19,22.8,40.9
2021-10-23 12:26:02,22.7,40.9
2021-10-23 12:27:02,22.8,40.8
2021-10-23 12:28:02,22.8,40.9
2021-10-23 12:29:02,22.8,40.9
2021-10-23 12:30:09,22.7,40.9
2021-10-23 12:31:01,22.7,40.9
2021-10-23 12:32:01,22.7,41.0
2021-10-23 12:33:02,22.7,41.0
2021-10-23 12:34:05,22.7,41.0
2021-10-23 12:35:17,22.7,40.9
2021-10-23 12:36:12,22.7,40.9
2021-10-23 12:37:04,22.6,41.0
2021-10-23 12:38:02,22.7,41.1
2021-10-23 12:39:02,22.7,41.2
2021-10-23 12:40:02,22.7,41.1
2021-10-23 12:41:04,22.7,41.0
2021-10-23 12:42:09,22.7,41.2
2021-10-23 12:43:02,22.7,41.2
2021-10-23 12:44:02,22.7,41.3
2021-10-23 12:45:17,22.7,41.0
2021-10-23 12:46:02,22.7,41.0
2021-10-23 12:47:02,22.7,40.9
2021-10-23 12:48:01,22.7,41.0
2021-10-23 12:49:02,22.7,40.8
2021-10-23 12:50:07,22.8,41.1
2021-10-23 12:51:02,22.8,41.1
2021-10-23 12:52:02,22.8,41.0
2021-10-23 12:53:02,22.8,40.9
2021-10-23 12:54:01,22.7,40.9
2021-10-23 12:55:19,22.8,40.8
2021-10-23 12:56:02,22.8,40.8
2021-10-23 12:57:02,22.8,40.8
2021-10-23 12:58:09,22.8,40.7
2021-10-23 12:59:02,22.8,40.7
2021-10-23 13:00:04,22.8,40.7
2021-10-23 13:01:02,22.8,40.7
2021-10-23 13:02:02,22.7,40.7
2021-10-23 13:03:02,22.8,40.7
2021-10-23 13:04:02,22.8,40.9
2021-10-23 13:05:07,22.7,40.9
2021-10-23 13:06:02,22.7,40.9
2021-10-23 13:07:02,22.7,40.8
2021-10-23 13:08:02,22.7,40.9
2021-10-23 13:09:02,22.7,41.0
2021-10-23 13:10:14,22.6,40.9
2021-10-23 13:11:04,22.7,41.0
2021-10-23 13:12:02,22.7,41.1
2021-10-23 13:13:01,22.7,41.0
2021-10-23 13:14:02,22.6,41.1
2021-10-23 13:15:17,22.6,41.2
2021-10-23 13:16:12,22.6,41.2
2021-10-23 13:17:02,22.6,41.2
2021-10-23 13:18:04,22.6,41.3
2021-10-23 13:19:02,22.5,41.2
2021-10-23 13:20:10,22.6,41.4
2021-10-23 13:21:01,22.6,41.4
2021-10-23 13:22:07,22.5,41.4
2021-10-23 13:23:04,22.5,41.5
2021-10-23 13:24:02,22.5,41.5
2021-10-23 13:25:04,22.5,41.6
2021-10-23 13:26:05,22.5,41.6
2021-10-23 13:27:02,22.5,41.6
2021-10-23 13:28:04,22.5,41.6
2021-10-23 13:29:02,22.5,41.6
2021-10-23 13:30:07,22.4,41.6
2021-10-23 13:31:02,22.5,41.7
2021-10-23 13:32:01,22.5,41.7
2021-10-23 13:33:02,22.5,41.7
2021-10-23 13:34:02,22.4,41.7
2021-10-23 13:35:07,22.5,41.8
2021-10-23 13:36:04,22.4,41.7
2021-10-23 13:37:02,22.4,41.7
2021-10-23 13:38:01,22.5,41.8
2021-10-23 13:39:02,22.5,41.6
2021-10-23 13:40:05,22.4,41.6
2021-10-23 13:41:01,22.4,41.6
2021-10-23 13:42:02,22.4,41.7
2021-10-23 13:43:02,22.4,41.6
2021-10-23 13:44:01,22.4,41.7
2021-10-23 13:45:06,22.4,41.8
2021-10-23 13:46:02,22.4,41.8
2021-10-23 13:47:01,22.4,41.9
2021-10-23 13:48:01,22.4,41.9
2021-10-23 13:49:07,22.4,41.9
2021-10-23 13:50:04,22.4,41.7
2021-10-23 13:51:01,22.4,41.7
2021-10-23 13:52:02,22.4,41.7
2021-10-23 13:53:01,22.4,41.7
2021-10-23 13:54:05,22.4,41.6
2021-10-23 13:55:02,22.4,41.6
2021-10-23 13:56:05,22.5,41.5
2021-10-23 13:57:02,22.5,41.5
2021-10-23 13:58:02,22.5,41.5
2021-10-23 13:59:02,22.5,41.4
2021-10-23 14:00:20,22.6,41.2
2021-10-23 14:01:01,22.6,41.2
2021-10-23 14:02:02,22.6,41.2
2021-10-23 14:03:02,22.6,41.2
2021-10-23 14:04:02,22.6,41.3
2021-10-23 14:05:22,22.5,41.2
2021-10-23 14:06:06,22.5,41.3
2021-10-23 14:07:01,22.5,41.2
2021-10-23 14:08:02,22.5,41.4
2021-10-23 14:09:02,22.4,41.4
2021-10-23 14:10:04,22.4,41.5
2021-10-23 14:11:10,22.4,41.7
2021-10-23 14:12:01,22.4,41.7
2021-10-23 14:13:02,22.4,41.7
2021-10-23 14:14:02,22.4,41.7
2021-10-23 14:15:02,22.4,41.7
2021-10-23 14:16:02,22.4,41.7
2021-10-23 14:17:04,22.4,41.9
2021-10-23 14:18:02,22.4,41.9
2021-10-23 14:19:02,22.4,41.9
2021-10-23 14:20:19,22.4,41.9
2021-10-23 14:21:02,22.4,41.9
2021-10-23 14:22:02,22.3,41.9
2021-10-23 14:23:02,22.3,42.0
2021-10-23 14:24:02,22.3,42.0
2021-10-23 14:25:04,22.3,42.1
2021-10-23 14:26:02,22.3,42.1
2021-10-23 14:27:02,22.3,42.0
2021-10-23 14:28:12,22.3,42.1
2021-10-23 14:29:02,22.3,42.1
2021-10-23 14:30:02,22.2,42.1
2021-10-23 14:31:05,22.3,42.0
2021-10-23 14:32:07,22.4,42.0
2021-10-23 14:33:01,22.4,42.0
2021-10-23 14:34:05,22.4,41.7
2021-10-23 14:35:04,22.4,
2021-10-23 14:36:10,22.5,41.7
2021-10-23 14:37:07,22.5,41.6
2021-10-23 14:38:01,22.5,41.6
2021-10-23 14:39:02,22.5,41.6
2021-10-23 14:40:05,22.6,41.5
2021-10-23 14:41:01,22.6,41.6
2021-10-23 14:42:02,22.6,41.5
2021-10-23 14:43:02,22.6,41.5
2021-10-23 14:44:02,22.6,41.5
2021-10-23 14:45:04,22.7,41.4
2021-10-23 14:46:02,22.7,41.3
2021-10-23 14:47:04,22.7,41.3
2021-10-23 14:48:02,22.7,41.3
2021-10-23 14:49:02,22.7,41.2
2021-10-23 14:50:22,22.7,41.1
2021-10-23 14:51:01,22.7,41.1
2021-10-23 14:52:02,22.7,40.9
2021-10-23 14:53:02,22.7,41.0
2021-10-23 14:54:01,22.7,40.9
2021-10-23 14:55:04,22.7,41.1
2021-10-23 14:56:02,22.7,41.1
2021-10-23 14:57:02,22.7,41.1
2021-10-23 14:58:02,22.7,41.1
2021-10-23 14:59:01,22.7,41.4
2021-10-23 15:00:02,22.6,41.2
2021-10-23 15:01:05,22.6,41.4
2021-10-23 15:02:02,22.6,41.4
2021-10-23 15:03:02,22.6,41.4
2021-10-23 15:04:02,22.6,41.5
2021-10-23 15:05:02,22.5,41.5
2021-10-23 15:06:02,22.5,41.6
2021-10-23 15:07:01,22.5,41.5
2021-10-23 15:08:01,22.5,41.6
2021-10-23 15:09:02,22.5,41.6
2021-10-23 15:10:10,22.5,41.6
2021-10-23 15:11:04,22.5,41.6
2021-10-23 15:12:01,22.5,41.6
2021-10-23 15:13:05,22.6,41.3
2021-10-23 15:14:02,22.6,41.3
2021-10-23 15:15:02,22.6,41.2
2021-10-23 15:16:02,22.7,41.2
2021-10-23 15:17:02,22.7,41.3
2021-10-23 15:18:02,22.7,41.2
2021-10-23 15:19:02,22.7,41.2
2021-10-23 15:20:04,22.8,41.1
2021-10-23 15:21:02,22.7,41.1
2021-10-23 15:22:01,22.8,41.1
2021-10-23 15:23:06,22.8,41.0
2021-10-23 15:24:02,22.8,41.0
2021-10-23 15:25:15,22.9,41.1
2021-10-23 15:26:02,22.9,41.1
2021-10-23 15:27:02,22.9,41.1
2021-10-23 15:28:02,22.9,40.9
2021-10-23 15:29:02,22.9,41.0
2021-10-23 15:30:04,22.9,40.8
2021-10-23 15:31:07,22.9,40.9
2021-10-23 15:32:02,22.9,40.9
2021-10-23 15:33:02,22.9,40.8
2021-10-23 15:34:02,22.9,40.8
2021-10-23 15:35:19,22.9,40.8
2021-10-23 15:36:02,22.9,40.8
2021-10-23 15:37:02,22.9,40.8
2021-10-23 15:38:04,22.9,40.8
2021-10-23 15:39:02,22.9,40.8
2021-10-23 15:40:27,23.0,40.8
2021-10-23 15:41:02,22.9,40.7
2021-10-23 15:42:02,23.0,40.8
2021-10-23 15:43:02,23.0,40.8
2021-10-23 15:44:02,23.0,40.7
2021-10-23 15:45:04,23.0,40.7
2021-10-23 15:46:05,23.0,40.7
2021-10-23 15:47:02,23.0,40.7
2021-10-23 15:48:05,23.0,40.7
2021-10-23 15:49:02,23.0,40.7
2021-10-23 15:50:22,23.0,40.8
2021-10-23 15:51:01,23.0,40.8
2021-10-23 15:52:07,23.0,40.8
2021-10-23 15:53:02,23.0,40.8
2021-10-23 15:54:02,23.0,40.7
2021-10-23 15:55:14,23.0,40.6
2021-10-23 15:56:05,23.0,40.6
2021-10-23 15:57:02,23.0,40.6
2021-10-23 15:58:01,23.0,40.7
2021-10-23 15:59:02,23.0,40.7
2021-10-23 16:00:02,23.0,40.6
2021-10-23 16:01:07,23.0,40.5
2021-10-23 16:02:02,23.0,40.5
2021-10-23 16:03:02,23.0,40.5
2021-10-23 16:04:04,23.0,40.5
2021-10-23 16:05:22,23.0,40.5
2021-10-23 16:06:07,23.0,40.5
2021-10-23 16:07:02,23.0,40.5
2021-10-23 16:08:02,23.0,40.5
2021-10-23 16:09:02,23.0,40.4
2021-10-23 16:10:14,23.0,40.4
2021-10-23 16:11:02,23.0,40.4
2021-10-23 16:12:01,23.0,40.4
2021-10-23 16:13:02,23.0,40.4
2021-10-23 16:14:02,23.0,40.4
2021-10-23 16:15:10,23.0,40.4
2021-10-23 16:16:06,23.0,40.4
2021-10-23 16:17:04,23.0,40.2
2021-10-23 16:18:02,23.0,40.3
2021-10-23 16:19:02,23.0,40.3
2021-10-23 16:20:07,23.0,40.1
2021-10-23 16:21:01,23.0,40.1
2021-10-23 16:22:01,23.0,40.1
2021-10-23 16:23:05,23.0,40.1
2021-10-23 16:24:01,22.9,40.0
2021-10-23 16:25:04,23.0,40.0
2021-10-23 16:26:02,23.0,40.1
2021-10-23 16:27:05,22.9,40.0
2021-10-23 16:28:01,22.9,40.0
2021-10-23 16:29:01,22.9,40.1
2021-10-23 16:30:10,22.9,40.2
2021-10-23 16:31:02,22.9,40.2
2021-10-23 16:32:02,22.9,40.3
2021-10-23 16:33:02,22.9,40.3
2021-10-23 16:34:02,22.9,40.5
2021-10-23 16:35:04,22.8,40.5
2021-10-23 16:36:09,22.8,40.4
2021-10-23 16:37:05,22.8,
2021-10-23 16:38:02,22.8,
2021-10-23 16:39:01,22.8,
2021-10-23 16:40:14,22.8,40.8
2021-10-23 16:41:04,22.7,40.8
2021-10-23 16:42:02,22.7,40.7
2021-10-23 16:43:02,22.7,40.8
2021-10-23 16:44:02,22.7,40.9
2021-10-23 16:45:12,22.7,41.0
2021-10-23 16:46:04,22.7,41.1
2021-10-23 16:47:02,22.7,41.1
2021-10-23 16:48:01,22.7,41.1
2021-10-23 16:49:02,22.6,41.1
2021-10-23 16:50:07,22.6,41.1
2021-10-23 16:51:07,22.6,41.2
2021-10-23 16:52:02,22.6,41.2
2021-10-23 16:53:02,22.6,41.3
2021-10-23 16:54:02,22.6,41.2
2021-10-23 16:55:09,22.6,41.2
2021-10-23 16:56:10,22.5,41.2
2021-10-23 16:57:01,22.5,41.2
2021-10-23 16:58:01,22.5,41.2
2021-10-23 16:59:02,22.5,41.2
2021-10-23 17:00:07,22.5,41.4
2021-10-23 17:01:02,22.5,41.4
2021-10-23 17:02:02,22.4,41.4
2021-10-23 17:03:02,22.4,41.3
2021-10-23 17:04:02,22.4,41.4
2021-10-23 17:05:04,22.4,41.6
2021-10-23 17:06:02,22.4,41.6
2021-10-23 17:07:02,22.4,41.6
2021-10-23 17:08:02,22.4,41.5
2021-10-23 17:09:07,22.4,41.6
2021-10-23 17:10:01,22.3,41.6
2021-10-23 17:11:02,22.3,41.6
2021-10-23 17:12:02,22.3,41.7
2021-10-23 17:13:02,22.3,41.6
2021-10-23 17:14:01,22.3,41.8
2021-10-23 17:15:05,22.3,41.8
2021-10-23 17:16:02,22.3,41.8
2021-10-23 17:17:02,22.3,41.7
2021-10-23 17:18:02,22.3,41.8
2021-10-23 17:19:02,22.2,41.7
2021-10-23 17:20:09,22.2,41.8
2021-10-23 17:21:02,22.2,41.8
2021-10-23 17:22:02,22.2,41.8
2021-10-23 17:23:02,22.2,41.9
2021-10-23 17:24:02,22.2,41.8
2021-10-23 17:25:20,22.2,41.9
2021-10-23 17:26:01,22.2,41.9
2021-10-23 17:27:02,22.2,41.9
2021-10-23 17:28:02,22.2,42.0
2021-10-23 17:29:02,22.2,42.0
2021-10-23 17:30:02,22.2,42.0
2021-10-23 17:31:02,22.1,41.9
2021-10-23 17:32:02,22.1,42.0
2021-10-23 17:33:02,22.1,42.0
2021-10-23 17:34:02,22.1,42.0
2021-10-23 17:35:12,22.1,42.0
2021-10-23 17:36:02,22.1,42.0
2021-10-23 17:37:02,22.1,42.0
2021-10-23 17:38:02,22.1,42.0
2021-10-23 17:39:04,22.1,42.1
2021-10-23 17:40:07,22.1,42.1
2021-10-23 17:41:09,22.1,42.1
2021-10-23 17:42:05,22.1,42.0
2021-10-23 17:43:04,22.1,42.1
2021-10-23 17:44:04,22.1,42.1
2021-10-23 17:45:09,22.1,42.1
2021-10-23 17:46:04,22.1,42.1
2021-10-23 17:47:02,22.1,42.1
2021-10-23 17:48:02,22.1,42.1
2021-10-23 17:49:02,22.1,42.1
2021-10-23 17:50:09,22.1,42.2
2021-10-23 17:51:07,22.1,42.2
2021-10-23 17:52:04,22.1,42.2
2021-10-23 17:53:02,22.1,42.2
2021-10-23 17:54:02,22.0,42.2
2021-10-23 17:55:15,,42.6
2021-10-23 17:56:01,22.0,42.1
2021-10-23 17:57:02,22.0,42.1
2021-10-23 17:58:02,22.1,42.2
2021-10-23 17:59:01,22.0,42.2
2021-10-23 18:00:10,22.0,42.2
2021-10-23 18:01:02,22.0,42.2
2021-10-23 18:02:01,22.0,42.2
2021-10-23 18:03:02,22.0,42.2
2021-10-23 18:04:02,22.0,42.2
2021-10-23 18:05:04,22.0,42.2
2021-10-23 18:06:05,22.0,42.3
2021-10-23 18:07:04,22.0,42.2
2021-10-23 18:08:01,22.0,42.2
2021-10-23 18:09:05,22.0,42.3
2021-10-23 18:10:19,22.0,42.3
2021-10-23 18:11:05,22.0,42.3
2021-10-23 18:12:07,22.0,42.2
2021-10-23 18:13:02,22.0,42.2
2021-10-23 18:14:04,22.0,42.2
2021-10-23 18:15:02,22.0,42.2
2021-10-23 18:16:04,22.0,42.3
2021-10-23 18:17:04,22.0,42.3
2021-10-23 18:18:02,22.0,42.3
2021-10-23 18:19:02,22.0,42.3
2021-10-23 18:20:19,21.9,42.2
2021-10-23 18:21:05,22.0,42.3
2021-10-23 18:22:02,21.9,42.3
2021-10-23 18:23:02,22.0,42.3
2021-10-23 18:24:02,22.0,42.2
2021-10-23 18:25:19,22.0,42.3
2021-10-23 18:26:05,22.0,42.3
2021-10-23 18:27:02,22.0,42.3
2021-10-23 18:28:04,22.0,42.3
2021-10-23 18:29:02,21.9,42.3
2021-10-23 18:30:07,22.0,42.3
2021-10-23 18:31:09,21.9,42.3
2021-10-23 18:32:02,21.9,42.3
2021-10-23 18:33:02,21.9,42.2
2021-10-23 18:34:02,21.9,42.3
2021-10-23 18:35:04,21.9,42.3
2021-10-23 18:36:02,21.9,42.4
2021-10-23 18:37:02,21.9,42.4
2021-10-23 18:38:02,21.9,42.4
2021-10-23 18:39:04,21.9,42.4
2021-10-23 18:40:05,21.9,42.4
2021-10-23 18:41:02,21.9,42.4
2021-10-23 18:42:02,21.9,42.4
2021-10-23 18:43:02,21.9,42.4
2021-10-23 18:44:02,21.9,42.4
2021-10-23 18:45:17,21.9,42.4
2021-10-23 18:46:04,21.9,42.4
2021-10-23 18:47:01,21.9,42.4
2021-10-23 18:48:02,21.9,42.4
2021-10-23 18:49:05,21.9,42.4
2021-10-23 18:50:04,21.9,42.4
2021-10-23 18:51:02,21.9,42.4
2021-10-23 18:52:02,21.9,42.4
2021-10-23 18:53:02,21.9,42.4
2021-10-23 18:54:02,21.9,42.5
2021-10-23 18:55:02,,
2021-10-23 18:56:07,21.8,42.4
2021-10-23 18:57:02,21.8,42.4
2021-10-23 18:58:02,21.8,42.4
2021-10-23 18:59:06,21.8,
2021-10-23 19:00:11,21.8,42.5
2021-10-23 19:01:01,21.9,42.5
2021-10-23 19:02:04,21.8,42.5
2021-10-23 19:03:02,21.9,42.5
2021-10-23 19:04:05,21.8,42.5
2021-10-23 19:05:09,21.8,42.5
2021-10-23 19:06:04,21.8,42.5
2021-10-23 19:07:02,21.8,42.5
2021-10-23 19:08:02,21.8,
2021-10-23 19:09:02,21.8,42.5
2021-10-23 19:10:14,21.8,42.5
2021-10-23 19:11:05,21.8,42.5
2021-10-23 19:12:02,21.8,42.5
2021-10-23 19:13:04,21.8,42.5
2021-10-23 19:14:05,21.8,42.5
2021-10-23 19:15:04,21.8,42.5
2021-10-23 19:16:02,21.8,42.5
2021-10-23 19:17:05,21.8,42.5
2021-10-23 19:18:02,21.8,
2021-10-23 19:19:01,21.8,
2021-10-23 19:20:05,21.8,
2021-10-23 19:21:04,21.8,
2021-10-23 19:22:02,21.8,
2021-10-23 19:23:01,21.8,
2021-10-23 19:24:02,21.8,42.6
2021-10-23 19:25:15,21.8,42.6
2021-10-23 19:26:02,21.8,42.6
2021-10-23 19:27:05,21.8,42.6
2021-10-23 19:28:02,21.8,42.6
2021-10-23 19:29:02,21.8,42.6
2021-10-23 19:30:22,21.8,42.7
2021-10-23 19:31:01,21.8,42.7
2021-10-23 19:32:01,21.8,42.6
2021-10-23 19:33:05,21.8,42.7
2021-10-23 19:34:02,21.7,42.6
2021-10-23 19:35:11,21.7,42.7
2021-10-23 19:36:04,21.8,42.7
2021-10-23 19:37:05,21.7,42.6
2021-10-23 19:38:01,21.8,42.7
2021-10-23 19:39:01,21.7,42.7
2021-10-23 19:40:20,21.8,42.7
2021-10-23 19:41:02,21.7,42.7
2021-10-23 19:42:02,21.7,42.7
2021-10-23 19:43:04,21.7,42.7
2021-10-23 19:44:02,21.7,42.8
2021-10-23 19:45:20,21.7,42.7
2021-10-23 19:46:01,21.7,42.7
2021-10-23 19:47:02,21.7,42.7
2021-10-23 19:48:02,21.7,42.7
2021-10-23 19:49:02,21.7,42.7
2021-10-23 19:50:04,21.7,42.8
2021-10-23 19:51:02,21.7,42.8
2021-10-23 19:52:01,21.7,42.8
2021-10-23 19:53:02,21.7,42.7
2021-10-23 19:54:02,21.7,42.8
2021-10-23 19:55:07,21.7,42.8
2021-10-23 19:56:07,21.7,42.8
2021-10-23 19:57:04,21.7,42.8
2021-10-23 19:58:01,21.7,42.8
2021-10-23 19:59:02,21.7,42.8
2021-10-23 20:00:17,21.7,42.8
2021-10-23 20:01:05,21.7,42.8
2021-10-23 20:02:04,21.7,42.8
2021-10-23 20:03:02,21.7,42.8
2021-10-23 20:04:02,21.7,42.8
2021-10-23 20:05:12,21.7,42.8
2021-10-23 20:06:02,21.7,42.8
2021-10-23 20:07:02,21.7,42.8
2021-10-23 20:08:01,21.7,42.8
2021-10-23 20:09:01,21.7,42.8
2021-10-23 20:10:05,21.7,42.8
2021-10-23 20:11:04,21.7,42.8
2021-10-23 20:12:02,21.7,42.8
2021-10-23 20:13:02,21.7,42.7
2021-10-23 20:14:02,21.7,42.7
2021-10-23 20:15:01,21.7,42.7
2021-10-23 20:16:02,21.7,42.8
2021-10-23 20:17:04,21.7,42.7
2021-10-23 20:18:02,21.7,42.8
2021-10-23 20:19:02,21.7,42.7
2021-10-23 20:20:04,21.7,42.8
2021-10-23 20:21:01,21.7,42.8
2021-10-23 20:22:02,21.7,42.8
2021-10-23 20:23:02,21.7,42.8
2021-10-23 20:24:01,21.7,42.8
2021-10-23 20:25:20,21.7,42.8
2021-10-23 20:26:07,21.7,42.8
2021-10-23 20:27:02,21.7,42.8
2021-10-23 20:28:02,21.7,42.8
2021-10-23 20:29:02,21.7,42.8
2021-10-23 20:30:17,21.7,42.8
2021-10-23 20:31:07,21.7,42.8
2021-10-23 20:32:01,21.7,42.8
2021-10-23 20:33:01,21.7,42.8
2021-10-23 20:34:02,21.7,42.8
2021-10-23 20:35:07,21.6,42.8
2021-10-23 20:36:02,21.7,42.8
2021-10-23 20:37:02,21.6,42.8
2021-10-23 20:38:02,21.6,42.8
2021-10-23 20:39:02,21.6,42.8
2021-10-23 20:40:07,21.6,42.8
2021-10-23 20:41:07,21.6,42.8
2021-10-23 20:42:04,21.7,42.8
2021-10-23 20:43:02,21.6,42.7
2021-10-23 20:44:04,21.7,42.8
2021-10-23 20:45:05,21.7,42.8
2021-10-23 20:46:06,21.6,42.8
2021-10-23 20:47:01,21.6,42.8
2021-10-23 20:48:02,21.6,42.8
2021-10-23 20:49:05,21.6,42.8
2021-10-23 20:50:04,21.6,42.8
2021-10-23 20:51:04,21.6,42.8
2021-10-23 20:52:02,21.6,42.8
2021-10-23 20:53:01,21.6,42.7
2021-10-23 20:54:02,21.6,42.8
2021-10-23 20:55:15,21.6,42.8
2021-10-23 20:56:02,21.6,42.8
2021-10-23 20:57:02,21.6,42.8
2021-10-23 20:58:05,21.6,42.8
2021-10-23 20:59:02,21.6,42.8
2021-10-23 21:00:06,21.6,42.8
2021-10-23 21:01:01,21.6,42.8
2021-10-23 21:02:01,21.7,42.9
2021-10-23 21:03:02,21.6,42.8
2021-10-23 21:04:02,21.6,42.8
2021-10-23 21:05:02,21.7,42.9
2021-10-23 21:06:01,21.6,42.8
2021-10-23 21:07:04,21.6,42.8
2021-10-23 21:08:02,21.6,42.8
2021-10-23 21:09:02,21.6,42.8
2021-10-23 21:10:14,21.6,42.7
2021-10-23 21:11:05,21.6,42.8
2021-10-23 21:12:02,21.6,42.8
2021-10-23 21:13:02,21.6,42.8
2021-10-23 21:14:02,21.6,42.8
2021-10-23 21:15:04,21.6,42.8
2021-10-23 21:16:02,21.6,42.7
2021-10-23 21:17:05,21.6,42.8
2021-10-23 21:18:01,21.6,42.8
2021-10-23 21:19:04,21.6,42.8
2021-10-23 21:20:04,21.6,42.8
2021-10-23 21:21:05,21.6,42.7
2021-10-23 21:22:02,21.6,42.7
2021-10-23 21:23:07,21.6,42.7
2021-10-23 21:24:01,21.6,42.7
2021-10-23 21:25:05,21.6,42.8
2021-10-23 21:26:02,21.6,42.8
2021-10-23 21:27:02,21.6,42.8
2021-10-23 21:28:02,21.6,42.8
2021-10-23 21:29:02,21.6,42.7
2021-10-23 21:30:07,21.5,42.7
2021-10-23 21:31:07,21.6,42.8
2021-10-23 21:32:02,21.6,42.8
2021-10-23 21:33:02,21.5,42.7
2021-10-23 21:34:01,21.6,42.8
2021-10-23 21:35:05,21.6,42.8
2021-10-23 21:36:02,21.6,42.8
2021-10-23 21:37:01,21.5,42.7
2021-10-23 21:38:05,21.5,42.7
2021-10-23 21:39:02,21.6,42.8
2021-10-23 21:40:17,21.6,42.7
2021-10-23 21:41:07,21.6,42.7
2021-10-23 21:42:01,21.6,42.7
2021-10-23 21:43:02,21.6,42.7
2021-10-23 21:44:02,21.6,42.7
2021-10-23 21:45:10,21.6,
2021-10-23 21:46:01,21.6,42.6
2021-10-23 21:47:02,21.6,42.7
2021-10-23 21:48:02,21.6,42.6
2021-10-23 21:49:02,21.6,42.7
2021-10-23 21:50:09,21.5,42.6
2021-10-23 21:51:04,21.6,42.6
2021-10-23 21:52:02,21.6,42.6
2021-10-23 21:53:02,21.6,42.7
2021-10-23 21:54:02,21.6,42.7
2021-10-23 21:55:06,21.5,42.6
2021-10-23 21:56:01,21.5,42.6
2021-10-23 21:57:02,21.5,42.6
2021-10-23 21:58:02,21.5,42.6
2021-10-23 21:59:02,21.5,42.6
2021-10-23 22:00:09,21.5,42.7
2021-10-23 22:01:07,21.5,42.7
2021-10-23 22:02:04,21.6,42.7
2021-10-23 22:03:02,21.5,42.7
2021-10-23 22:04:02,21.5,42.7
2021-10-23 22:05:14,21.5,42.7
2021-10-23 22:06:02,21.5,42.7
2021-10-23 22:07:02,21.5,42.7
2021-10-23 22:08:02,21.6,42.7
2021-10-23 22:09:02,21.5,42.6
2021-10-23 22:10:02,21.5,42.6
2021-10-23 22:11:02,21.6,42.7
2021-10-23 22:12:02,21.5,42.7
2021-10-23 22:13:09,21.5,42.6
2021-10-23 22:14:02,21.5,42.6
2021-10-23 22:15:15,21.5,42.6
2021-10-23 22:16:01,21.5,42.6
2021-10-23 22:17:05,21.5,42.6
2021-10-23 22:18:01,21.5,42.7
2021-10-23 22:19:01,21.5,42.6
2021-10-23 22:20:05,21.5,42.6
2021-10-23 22:21:07,21.5,42.5
2021-10-23 22:22:02,21.5,42.7
2021-10-23 22:23:02,21.5,42.7
2021-10-23 22:24:02,21.5,42.7
2021-10-23 22:25:09,21.5,42.7
2021-10-23 22:26:04,21.5,42.7
2021-10-23 22:27:02,21.5,42.7
2021-10-23 22:28:02,21.5,42.7
2021-10-23 22:29:02,21.5,42.7
2021-10-23 22:30:09,21.5,42.6
2021-10-23 22:31:02,21.5,42.6
2021-10-23 22:32:02,21.5,42.7
2021-10-23 22:33:02,21.5,42.7
2021-10-23 22:34:02,21.5,42.7
2021-10-23 22:35:02,21.5,42.6
2021-10-23 22:36:05,21.5,42.7
2021-10-23 22:37:04,21.5,42.6
2021-10-23 22:38:01,21.5,42.6
2021-10-23 22:39:07,21.5,42.7
2021-10-23 22:40:10,21.5,42.7
2021-10-23 22:41:04,21.5,42.7
2021-10-23 22:42:02,21.5,42.5
2021-10-23 22:43:02,21.5,42.7
2021-10-23 22:44:02,21.5,42.7
2021-10-23 22:45:09,21.5,42.6
2021-10-23 22:46:10,21.5,42.7
2021-10-23 22:47:02,21.5,42.6
2021-10-23 22:48:01,21.5,42.7
2021-10-23 22:49:02,21.5,42.6
2021-10-23 22:50:12,21.5,42.7
2021-10-23 22:51:02,21.5,42.7
2021-10-23 22:52:05,21.5,42.7
2021-10-23 22:53:02,21.5,42.7
2021-10-23 22:54:04,21.5,42.7
2021-10-23 22:55:09,21.5,42.7
2021-10-23 22:56:05,21.5,42.7
2021-10-23 22:57:02,21.5,42.7
2021-10-23 22:58:02,21.5,42.7
2021-10-23 22:59:02,21.5,42.7
2021-10-23 23:00:14,21.5,42.7
2021-10-23 23:01:02,21.5,42.7
2021-10-23 23:02:07,21.5,42.7
2021-10-23 23:03:05,21.5,42.7
2021-10-23 23:04:01,21.5,42.7
2021-10-23 23:05:01,21.5,42.7
2021-10-23 23:06:07,21.4,42.7
2021-10-23 23:07:02,21.4,42.7
2021-10-23 23:08:04,21.4,42.7
2021-10-23 23:09:01,21.4,42.7
2021-10-23 23:10:05,21.4,42.7
2021-10-23 23:11:02,21.4,42.7
2021-10-23 23:12:02,21.4,42.7
2021-10-23 23:13:02,21.5,42.8
2021-10-23 23:14:02,21.5,42.7
2021-10-23 23:15:04,21.4,42.7
2021-10-23 23:16:04,21.4,42.7
2021-10-23 23:17:02,21.5,42.8
2021-10-23 23:18:05,21.5,42.7
2021-10-23 23:19:01,21.4,42.7
2021-10-23 23:20:16,21.5,42.7
2021-10-23 23:21:01,21.5,42.7
2021-10-23 23:22:02,21.5,42.7
2021-10-23 23:23:02,21.4,42.7
2021-10-23 23:24:02,21.4,42.6
2021-10-23 23:25:02,,
2021-10-23 23:26:02,21.5,42.8
2021-10-23 23:27:01,21.4,42.7
2021-10-23 23:28:02,21.4,42.7
2021-10-23 23:29:02,21.4,42.7
2021-10-23 23:30:04,21.5,42.7
2021-10-23 23:31:01,21.4,42.7
2021-10-23 23:32:01,21.4,42.7
2021-10-23 23:33:02,21.4,42.7
2021-10-23 23:34:02,21.5,42.7
2021-10-23 23:35:20,21.4,42.6
2021-10-23 23:36:06,21.4,42.7
2021-10-23 23:37:02,21.4,42.7
2021-10-23 23:38:02,21.4,42.7
2021-10-23 23:39:04,21.4,42.7
2021-10-23 23:40:05,21.4,42.7
2021-10-23 23:41:02,21.4,42.7
2021-10-23 23:42:02,21.4,42.7
2021-10-23 23:43:01,21.4,42.7
2021-10-23 23:44:10,21.4,42.7
2021-10-23 23:45:17,21.5,42.7
2021-10-23 23:46:04,21.4,42.7
2021-10-23 23:47:02,,42.7
2021-10-23 23:48:04,21.4,42.7
2021-10-23 23:49:02,21.4,42.7
2021-10-23 23:50:20,21.4,42.7
2021-10-23 23:51:01,21.4,42.7
2021-10-23 23:52:01,21.4,42.7
2021-10-23 23:53:01,21.4,42.7
2021-10-23 23:54:02,21.4,42.7
2021-10-23 23:55:05,21.4,42.8
2021-10-23 23:56:01,21.4,42.8
2021-10-23 23:57:02,21.4,42.8
2021-10-23 23:58:07,21.4,42.8
2021-10-23 23:59:02,21.4,42.8
2021-10-24 00:00:04,21.4,42.8
2021-10-24 00:01:02,21.4,42.8
2021-10-24 00:02:02,21.4,42.8
2021-10-24 00:03:02,21.4,42.7
2021-10-24 00:04:07,21.4,42.7
2021-10-24 00:05:01,21.4,42.7
2021-10-24 00:06:09,21.4,42.7
2021-10-24 00:07:02,21.4,42.7
2021-10-24 00:08:02,21.4,42.7
2021-10-24 00:09:02,21.4,42.7
2021-10-24 00:10:04,21.4,42.7
2021-10-24 00:11:07,21.4,42.7
2021-10-24 00:12:02,21.4,42.7
2021-10-24 00:13:02,21.4,42.7
2021-10-24 00:14:02,21.4,42.8
2021-10-24 00:15:01,,
2021-10-24 00:16:02,21.4,42.7
2021-10-24 00:17:02,21.4,42.7
2021-10-24 00:18:02,21.4,42.8
2021-10-24 00:19:01,21.4,42.7
2021-10-24 00:20:05,21.4,42.8
2021-10-24 00:21:02,21.4,42.8
2021-10-24 00:22:01,21.4,42.8
2021-10-24 00:23:01,21.4,42.8
2021-10-24 00:24:02,21.4,42.8
2021-10-24 00:25:05,21.4,42.9
2021-10-24 00:26:01,21.4,42.9
2021-10-24 00:27:02,21.4,42.8
2021-10-24 00:28:01,21.4,42.8
2021-10-24 00:29:02,21.4,42.8
2021-10-24 00:30:10,21.4,42.8
2021-10-24 00:31:02,21.3,42.7
2021-10-24 00:32:05,21.4,42.8
2021-10-24 00:33:07,21.4,42.8
2021-10-24 00:34:01,21.4,42.8
2021-10-24 00:35:04,21.3,42.8
2021-10-24 00:36:09,21.3,42.8
2021-10-24 00:37:02,21.3,42.8
2021-10-24 00:38:02,21.4,42.8
2021-10-24 00:39:04,21.3,42.7
2021-10-24 00:40:12,21.4,42.8
2021-10-24 00:41:05,21.3,42.8
2021-10-24 00:42:05,21.3,42.8
2021-10-24 00:43:02,21.3,42.8
2021-10-24 00:44:01,21.4,42.8
2021-10-24 00:45:12,21.4,42.8
2021-10-24 00:46:05,21.3,42.8
2021-10-24 00:47:05,21.3,42.8
2021-10-24 00:48:01,21.3,42.8
2021-10-24 00:49:02,21.4,42.8
2021-10-24 00:50:10,21.3,42.8
2021-10-24 00:51:02,21.3,42.8
2021-10-24 00:52:02,21.3,42.8
2021-10-24 00:53:04,21.4,42.9
2021-10-24 00:54:02,21.3,42.9
2021-10-24 00:55:05,21.3,42.8
2021-10-24 00:56:01,21.3,42.8
2021-10-24 00:57:02,21.4,42.8
2021-10-24 00:58:02,21.4,42.8
2021-10-24 00:59:02,21.3,42.8
2021-10-24 01:00:01,21.4,42.8
2021-10-24 01:01:01,21.4,42.8
2021-10-24 01:02:04,21.4,42.8
2021-10-24 01:03:02,21.4,42.8
2021-10-24 01:04:04,21.3,42.7
2021-10-24 01:05:20,21.4,42.7
2021-10-24 01:06:02,21.4,42.7
2021-10-24 01:07:02,21.4,42.8
2021-10-24 01:08:02,21.4,42.7
2021-10-24 01:09:01,21.4,42.8
2021-10-24 01:10:05,21.4,42.7
2021-10-24 01:11:02,21.3,42.7
2021-10-24 01:12:04,21.4,42.8
2021-10-24 01:13:02,21.3,42.7
2021-10-24 01:14:04,21.4,42.8
2021-10-24 01:15:04,21.4,42.8
2021-10-24 01:16:02,21.3,42.7
2021-10-24 01:17:02,21.3,42.8
2021-10-24 01:18:02,21.3,42.8
2021-10-24 01:19:02,21.3,42.8
2021-10-24 01:20:09,21.3,42.8
2021-10-24 01:21:02,21.3,42.8
2021-10-24 01:22:05,21.3,42.8
2021-10-24 01:23:07,21.3,42.9
2021-10-24 01:24:01,21.3,42.8
2021-10-24 01:25:02,21.3,42.8
2021-10-24 01:26:02,21.3,42.9
2021-10-24 01:27:01,21.3,42.8
2021-10-24 01:28:02,21.3,42.8
2021-10-24 01:29:02,21.3,42.8
2021-10-24 01:30:05,21.3,42.9
2021-10-24 01:31:06,21.3,42.8
2021-10-24 01:32:04,21.3,42.8
2021-10-24 01:33:02,21.3,42.8
2021-10-24 01:34:02,21.3,42.8
2021-10-24 01:35:17,21.3,42.8
2021-10-24 01:36:02,21.3,42.9
2021-10-24 01:37:02,21.3,42.8
2021-10-24 01:38:02,21.3,42.8
2021-10-24 01:39:04,21.3,42.9
2021-10-24 01:40:04,21.3,42.8
2021-10-24 01:41:02,21.3,42.8
2021-10-24 01:42:01,21.3,42.8
2021-10-24 01:43:02,21.3,42.8
2021-10-24 01:44:07,21.3,42.9
2021-10-24 01:45:20,21.3,42.8
2021-10-24 01:46:07,21.3,42.9
2021-10-24 01:47:01,21.3,42.9
2021-10-24 01:48:09,21.3,42.8
2021-10-24 01:49:02,21.3,42.8
2021-10-24 01:50:19,21.3,42.8
2021-10-24 01:51:05,21.3,42.9
2021-10-24 01:52:02,21.3,42.9
2021-10-24 01:53:02,21.3,42.9
2021-10-24 01:54:01,21.3,42.8
2021-10-24 01:55:20,21.3,42.8
2021-10-24 01:56:02,21.3,42.8
2021-10-24 01:57:07,21.3,42.9
2021-10-24 01:58:02,21.3,42.9
2021-10-24 01:59:02,21.3,42.9
2021-10-24 02:00:25,21.3,42.8
2021-10-24 02:01:01,21.3,42.8
2021-10-24 02:02:01,21.3,42.8
2021-10-24 02:03:02,21.3,42.9
2021-10-24 02:04:02,21.3,42.9
2021-10-24 02:05:04,21.3,42.9
2021-10-24 02:06:02,21.3,42.9
2021-10-24 02:07:01,21.3,42.9
2021-10-24 02:08:05,21.3,42.9
2021-10-24 02:09:02,21.3,42.9
2021-10-24 02:10:09,21.3,42.9
2021-10-24 02:11:02,21.3,42.9
2021-10-24 02:12:02,21.3,42.9
2021-10-24 02:13:02,21.3,42.9
2021-10-24 02:14:01,21.3,42.9
2021-10-24 02:15:14,21.2,42.8
2021-10-24 02:16:04,21.2,42.8
2021-10-24 02:17:01,21.3,42.8
2021-10-24 02:18:04,21.3,42.8
2021-10-24 02:19:02,21.3,42.9
2021-10-24 02:20:07,21.3,42.8
2021-10-24 02:21:02,21.3,42.9
2021-10-24 02:22:01,21.3,42.8
2021-10-24 02:23:02,21.2,42.8
2021-10-24 02:24:02,21.2,42.8
2021-10-24 02:25:12,21.2,42.8
2021-10-24 02:26:02,21.2,42.8
2021-10-24 02:27:02,21.3,42.9
2021-10-24 02:28:02,21.3,42.9
2021-10-24 02:29:02,21.2,42.8
2021-10-24 02:30:04,21.2,42.8
2021-10-24 02:31:02,21.2,42.8
2021-10-24 02:32:02,21.3,42.9
2021-10-24 02:33:02,21.2,42.8
2021-10-24 02:34:07,21.3,42.8
2021-10-24 02:35:07,21.3,42.8
2021-10-24 02:36:01,21.3,42.8
2021-10-24 02:37:04,21.3,42.8
2021-10-24 02:38:02,21.3,42.8
2021-10-24 02:39:05,21.2,42.7
2021-10-24 02:40:22,21.2,42.8
2021-10-24 02:41:04,21.3,42.8
2021-10-24 02:42:01,21.3,42.8
2021-10-24 02:43:05,21.2,42.7
2021-10-24 02:44:02,21.2,42.7
2021-10-24 02:45:19,21.3,42.8
2021-10-24 02:46:02,21.3,42.7
2021-10-24 02:47:05,21.2,42.7
2021-10-24 02:48:04,21.2,42.7
2021-10-24 02:49:02,21.3,42.8
2021-10-24 02:50:09,21.2,42.7
2021-10-24 02:51:02,21.2,42.7
2021-10-24 02:52:02,21.2,42.7
2021-10-24 02:53:06,21.2,42.8
2021-10-24 02:54:01,21.2,42.8
2021-10-24 02:55:05,21.2,42.7
2021-10-24 02:56:07,21.2,42.7
2021-10-24 02:57:02,21.2,42.7
2021-10-24 02:58:02,21.2,42.7
2021-10-24 02:59:07,21.2,42.7
2021-10-24 03:00:14,21.2,42.7
2021-10-24 03:01:05,21.2,42.7
2021-10-24 03:02:02,21.2,42.7
2021-10-24 03:03:02,21.2,42.7
2021-10-24 03:04:02,21.2,42.7
2021-10-24 03:05:06,21.2,42.7
2021-10-24 03:06:01,21.2,42.7
2021-10-24 03:07:01,21.2,42.7
2021-10-24 03:08:01,21.2,42.7
2021-10-24 03:09:05,21.2,42.7
2021-10-24 03:10:04,21.2,42.7
2021-10-24 03:11:07,21.2,42.7
2021-10-24 03:12:05,21.2,42.7
2021-10-24 03:13:02,21.2,42.7
2021-10-24 03:14:01,21.2,42.7
2021-10-24 03:15:05,21.2,42.7
2021-10-24 03:16:04,21.2,42.7
2021-10-24 03:17:02,21.2,42.7
2021-10-24 03:18:02,21.2,42.7
2021-10-24 03:19:01,21.2,42.7
2021-10-24 03:20:12,21.2,42.7
2021-10-24 03:21:02,21.2,42.7
2021-10-24 03:22:05,21.1,42.6
2021-10-24 03:23:01,21.2,42.7
2021-10-24 03:24:02,21.2,42.7
2021-10-24 03:25:22,21.1,42.6
2021-10-24 03:26:07,21.1,42.7
2021-10-24 03:27:02,21.1,42.7
2021-10-24 03:28:04,21.1,42.7
2021-10-24 03:29:01,21.1,42.6
2021-10-24 03:30:05,21.1,42.7
2021-10-24 03:31:02,21.1,42.7
2021-10-24 03:32:02,21.1,42.7
2021-10-24 03:33:02,21.1,42.7
2021-10-24 03:34:02,21.1,42.7
2021-10-24 03:35:04,21.1,42.7
2021-10-24 03:36:02,21.1,42.7
2021-10-24 03:37:05,21.1,42.7
2021-10-24 03:38:01,21.1,42.7
2021-10-24 03:39:01,21.1,42.7
2021-10-24 03:40:05,,42.7
2021-10-24 03:41:04,21.1,42.7
2021-10-24 03:42:02,21.1,42.7
2021-10-24 03:43:02,21.1,42.7
2021-10-24 03:44:02,21.1,42.7
2021-10-24 03:45:04,21.1,42.7
2021-10-24 03:46:02,21.1,
2021-10-24 03:47:01,21.1,42.7
2021-10-24 03:48:05,21.1,42.7
2021-10-24 03:49:07,21.1,42.7
2021-10-24 03:50:14,21.1,42.7
2021-10-24 03:51:02,21.1,42.7
2021-10-24 03:52:02,21.1,42.7
2021-10-24 03:53:01,21.1,42.7
2021-10-24 03:54:02,21.1,42.7
2021-10-24 03:55:05,21.1,42.7
2021-10-24 03:56:01,21.1,42.7
2021-10-24 03:57:05,21.1,42.7
2021-10-24 03:58:02,21.1,42.7
2021-10-24 03:59:01,21.1,42.7
2021-10-24 04:00:20,21.1,42.7
2021-10-24 04:01:02,21.1,42.7
2021-10-24 04:02:02,21.1,42.7
2021-10-24 04:03:05,21.1,42.7
2021-10-24 04:04:01,21.1,42.7
2021-10-24 04:05:22,21.1,42.7
2021-10-24 04:06:04,21.1,42.7
2021-10-24 04:07:05,21.1,42.7
2021-10-24 04:08:02,21.1,42.7
2021-10-24 04:09:04,21.1,42.7
2021-10-24 04:10:20,21.1,42.7
2021-10-24 04:11:01,21.1,42.7
2021-10-24 04:12:02,21.1,42.6
2021-10-24 04:13:02,21.1,42.7
2021-10-24 04:14:02,21.1,42.6
2021-10-24 04:15:19,21.1,42.7
2021-10-24 04:16:02,21.1,42.7
2021-10-24 04:17:02,21.1,42.7
2021-10-24 04:18:02,21.1,42.6
2021-10-24 04:19:02,21.1,42.7
2021-10-24 04:20:12,21.1,42.6
2021-10-24 04:21:02,21.1,42.6
2021-10-24 04:22:02,21.1,42.6
2021-10-24 04:23:02,21.1,42.6
2021-10-24 04:24:02,21.1,42.6
2021-10-24 04:25:04,21.1,42.6
2021-10-24 04:26:02,21.1,42.6
2021-10-24 04:27:02,21.1,42.6
2021-10-24 04:28:02,21.1,42.6
2021-10-24 04:29:02,21.1,42.6
2021-10-24 04:30:07,21.1,42.6
2021-10-24 04:31:02,21.1,42.6
2021-10-24 04:32:02,21.1,42.6
2021-10-24 04:33:02,21.1,42.6
2021-10-24 04:34:02,21.1,42.6
2021-10-24 04:35:19,21.1,42.6
2021-10-24 04:36:05,21.1,42.6
2021-10-24 04:37:02,21.1,42.6
2021-10-24 04:38:07,21.1,42.6
2021-10-24 04:39:01,21.1,42.6
2021-10-24 04:40:22,21.1,42.6
2021-10-24 04:41:04,21.1,42.6
2021-10-24 04:42:02,21.1,42.6
2021-10-24 04:43:02,21.1,42.6
2021-10-24 04:44:02,21.1,42.6
2021-10-24 04:45:04,21.1,42.6
2021-10-24 04:46:02,21.1,42.6
2021-10-24 04:47:07,21.1,42.6
2021-10-24 04:48:02,21.1,42.6
2021-10-24 04:49:02,21.1,42.6
2021-10-24 04:50:01,,42.6
2021-10-24 04:51:02,21.1,42.6
2021-10-24 04:52:02,21.1,42.6
2021-10-24 04:53:02,21.1,42.6
2021-10-24 04:54:02,21.0,42.6
2021-10-24 04:55:04,21.0,42.6
2021-10-24 04:56:02,21.0,42.6
2021-10-24 04:57:02,21.0,42.6
2021-10-24 04:58:02,21.0,42.6
2021-10-24 04:59:04,21.0,42.6
2021-10-24 05:00:17,21.0,42.6
2021-10-24 05:01:02,21.0,42.6
2021-10-24 05:02:02,21.0,42.6
2021-10-24 05:03:02,21.0,42.6
2021-10-24 05:04:04,21.0,42.6
2021-10-24 05:05:22,21.0,42.6
2021-10-24 05:06:02,21.0,42.5
2021-10-24 05:07:01,21.0,42.6
2021-10-24 05:08:01,21.0,42.5
2021-10-24 05:09:02,21.0,42.6
2021-10-24 05:10:15,21.0,42.5
2021-10-24 05:11:02,21.0,42.5
2021-10-24 05:12:01,21.0,42.5
2021-10-24 05:13:02,21.0,42.5
2021-10-24 05:14:02,21.0,42.5
2021-10-24 05:15:04,21.0,42.5
2021-10-24 05:16:01,21.0,42.5
2021-10-24 05:17:02,21.0,42.5
2021-10-24 05:18:02,21.0,42.5
2021-10-24 05:19:02,21.0,42.5
2021-10-24 05:20:07,21.0,42.5
2021-10-24 05:21:04,21.0,42.5
2021-10-24 05:22:02,21.0,42.5
2021-10-24 05:23:05,21.0,42.5
2021-10-24 05:24:09,21.0,42.5
2021-10-24 05:25:04,21.0,42.5
2021-10-24 05:26:09,21.0,42.5
2021-10-24 05:27:02,21.0,42.7
2021-10-24 05:28:02,21.0,42.5
2021-10-24 05:29:07,21.0,42.5
2021-10-24 05:30:19,21.0,42.5
2021-10-24 05:31:12,21.0,42.5
2021-10-24 05:32:05,21.0,42.4
2021-10-24 05:33:01,21.0,42.4
2021-10-24 05:34:04,21.0,42.5
2021-10-24 05:35:19,21.0,42.5
2021-10-24 05:36:05,21.0,42.5
2021-10-24 05:37:02,21.0,42.5
2021-10-24 05:38:02,21.0,42.5
2021-10-24 05:39:02,21.0,42.5
2021-10-24 05:40:06,21.0,42.5
2021-10-24 05:41:01,21.0,42.5
2021-10-24 05:42:02,21.0,42.5
2021-10-24 05:43:02,21.0,42.5
2021-10-24 05:44:02,21.0,42.5
2021-10-24 05:45:22,21.0,42.5
2021-10-24 05:46:07,21.0,42.5
2021-10-24 05:47:01,21.0,42.5
2021-10-24 05:48:01,21.0,42.5
2021-10-24 05:49:02,21.0,42.5
2021-10-24 05:50:12,21.0,42.5
2021-10-24 05:51:02,21.0,42.5
2021-10-24 05:52:01,21.0,42.5
2021-10-24 05:53:02,21.0,42.5
2021-10-24 05:54:10,21.0,42.5
2021-10-24 05:55:19,21.0,42.5
2021-10-24 05:56:02,21.0,42.5
2021-10-24 05:57:02,21.0,42.5
2021-10-24 05:58:04,21.0,42.4
2021-10-24 05:59:05,21.0,42.4
2021-10-24 06:00:04,21.0,42.4
2021-10-24 06:01:04,21.0,42.3
2021-10-24 06:02:02,21.0,42.3
2021-10-24 06:03:02,21.0,42.3
2021-10-24 06:04:02,21.0,42.3
2021-10-24 06:05:22,21.0,42.2
2021-10-24 06:06:07,21.0,42.2
2021-10-24 06:07:02,21.0,42.2
2021-10-24 06:08:04,21.0,42.2
2021-10-24 06:09:04,21.0,42.2
2021-10-24 06:10:20,21.0,42.2
2021-10-24 06:11:02,21.0,42.2
2021-10-24 06:12:02,21.0,42.2
2021-10-24 06:13:02,21.0,42.2
2021-10-24 06:14:02,21.0,42.2
2021-10-24 06:15:11,,
2021-10-24 06:16:01,21.0,42.2
2021-10-24 06:17:02,21.0,42.1
2021-10-24 06:18:05,21.0,42.2
2021-10-24 06:19:01,21.0,42.2
2021-10-24 06:20:05,21.0,42.1
2021-10-24 06:21:02,21.0,42.1
2021-10-24 06:22:01,21.0,42.1
2021-10-24 06:23:07,21.0,42.2
2021-10-24 06:24:02,21.0,42.2
2021-10-24 06:25:17,21.0,42.1
2021-10-24 06:26:02,21.0,42.1
2021-10-24 06:27:02,21.0,42.1
2021-10-24 06:28:02,21.0,42.1
2021-10-24 06:29:01,21.0,42.1
2021-10-24 06:30:07,20.9,42.1
2021-10-24 06:31:07,20.9,42.1
2021-10-24 06:32:02,20.9,42.1
2021-10-24 06:33:02,20.9,42.1
2021-10-24 06:34:02,20.9,42.0
2021-10-24 06:35:09,20.9,42.0
2021-10-24 06:36:07,20.9,42.1
2021-10-24 06:37:10,20.9,42.0
2021-10-24 06:38:02,20.9,42.0
2021-10-24 06:39:06,20.9,42.0
2021-10-24 06:40:15,20.9,42.0
2021-10-24 06:41:02,20.9,42.0
2021-10-24 06:42:05,20.9,42.0
2021-10-24 06:43:01,20.9,42.0
2021-10-24 06:44:01,20.9,42.0
2021-10-24 06:45:10,20.9,42.0
2021-10-24 06:46:02,20.9,42.0
2021-10-24 06:47:05,20.9,41.9
2021-10-24 06:48:01,20.9,42.0
2021-10-24 06:49:01,20.9,41.9
2021-10-24 06:50:05,20.9,41.9
2021-10-24 06:51:01,20.9,41.9
2021-10-24 06:52:02,20.9,41.9
2021-10-24 06:53:02,20.9,41.9
2021-10-24 06:54:01,20.9,41.9
2021-10-24 06:55:04,20.9,41.9
2021-10-24 06:56:02,20.9,41.9
2021-10-24 06:57:02,20.9,41.9
2021-10-24 06:58:02,20.9,41.9
2021-10-24 06:59:02,20.9,41.9
2021-10-24 07:00:09,20.8,41.9
2021-10-24 07:01:07,20.8,41.8
2021-10-24 07:02:02,20.8,41.8
2021-10-24 07:03:02,20.8,41.9
2021-10-24 07:04:01,20.8,41.8
2021-10-24 07:05:05,20.8,41.8
2021-10-24 07:06:04,20.8,41.8
2021-10-24 07:07:02,20.8,41.8
2021-10-24 07:08:01,20.9,41.8
2021-10-24 07:09:02,20.8,41.7
2021-10-24 07:10:20,20.8,41.7
2021-10-24 07:11:04,20.8,41.7
2021-10-24 07:12:01,20.8,41.7
2021-10-24 07:13:10,20.8,41.7
2021-10-24 07:14:02,20.8,41.7
2021-10-24 07:15:12,20.7,41.7
2021-10-24 07:16:01,20.7,41.7
2021-10-24 07:17:02,20.8,41.8
2021-10-24 07:18:02,20.8,41.8
2021-10-24 07:19:02,20.7,41.7
2021-10-24 07:20:09,20.7,41.8
2021-10-24 07:21:10,20.7,41.8
2021-10-24 07:22:01,20.7,41.8
2021-10-24 07:23:02,20.7,41.8
2021-10-24 07:24:02,20.7,41.8
2021-10-24 07:25:15,20.7,41.8
2021-10-24 07:26:01,20.7,41.8
2021-10-24 07:27:02,20.7,41.8
2021-10-24 07:28:02,20.7,41.8
2021-10-24 07:29:02,,41.7
